point_number,point_id,scan_order,grid_row,grid_col,row,column,ra,dec,target_ra_hours,target_dec_degrees,target_ra_hms,target_dec_dms,center_distance_deg,nominal_spacing_deg,capture_status,start_time,end_time,duration,error_message,data_filename,session_name,session_id,experiment_label,experiment_visit
1,1,1,0,0,0,0,11.830000,-33.449000,11.830000,-33.449000,11:49:48.000,-33:26:56.40,0.000000,0.0000000000,planned,,,,,SCIENCE-FORENSICS-EXP-HI148-01-A_0001.dat,SCIENCE-FORENSICS-EXP-HI148-01-A,,A,1
2,2,2,0,1,0,1,11.830000,-33.449000,11.830000,-33.449000,11:49:48.000,-33:26:56.40,0.000000,0.0000000000,planned,,,,,SCIENCE-FORENSICS-EXP-HI148-01-A_0002.dat,SCIENCE-FORENSICS-EXP-HI148-01-A,,A,2
3,3,3,0,2,0,2,11.830000,-33.449000,11.830000,-33.449000,11:49:48.000,-33:26:56.40,0.000000,0.0000000000,planned,,,,,SCIENCE-FORENSICS-EXP-HI148-01-A_0003.dat,SCIENCE-FORENSICS-EXP-HI148-01-A,,A,3
4,4,4,0,3,0,3,11.830000,-33.449000,11.830000,-33.449000,11:49:48.000,-33:26:56.40,0.000000,0.0000000000,planned,,,,,SCIENCE-FORENSICS-EXP-HI148-01-A_0004.dat,SCIENCE-FORENSICS-EXP-HI148-01-A,,A,4
5,5,5,0,4,0,4,11.830000,-33.449000,11.830000,-33.449000,11:49:48.000,-33:26:56.40,0.000000,0.0000000000,planned,,,,,SCIENCE-FORENSICS-EXP-HI148-01-A_0005.dat,SCIENCE-FORENSICS-EXP-HI148-01-A,,A,5
6,6,6,0,5,0,5,11.830000,-33.449000,11.830000,-33.449000,11:49:48.000,-33:26:56.40,0.000000,0.0000000000,planned,,,,,SCIENCE-FORENSICS-EXP-HI148-01-A_0006.dat,SCIENCE-FORENSICS-EXP-HI148-01-A,,A,6
7,7,7,0,6,0,6,11.830000,-33.449000,11.830000,-33.449000,11:49:48.000,-33:26:56.40,0.000000,0.0000000000,planned,,,,,SCIENCE-FORENSICS-EXP-HI148-01-A_0007.dat,SCIENCE-FORENSICS-EXP-HI148-01-A,,A,7
8,8,8,0,7,0,7,11.830000,-33.449000,11.830000,-33.449000,11:49:48.000,-33:26:56.40,0.000000,0.0000000000,planned,,,,,SCIENCE-FORENSICS-EXP-HI148-01-A_0008.dat,SCIENCE-FORENSICS-EXP-HI148-01-A,,A,8
9,9,9,0,8,0,8,11.830000,-33.449000,11.830000,-33.449000,11:49:48.000,-33:26:56.40,0.000000,0.0000000000,planned,,,,,SCIENCE-FORENSICS-EXP-HI148-01-A_0009.dat,SCIENCE-FORENSICS-EXP-HI148-01-A,,A,9
10,10,10,0,9,0,9,11.830000,-33.449000,11.830000,-33.449000,11:49:48.000,-33:26:56.40,0.000000,0.0000000000,planned,,,,,SCIENCE-FORENSICS-EXP-HI148-01-A_0010.dat,SCIENCE-FORENSICS-EXP-HI148-01-A,,A,10
11,11,11,0,10,0,10,11.830000,-33.449000,11.830000,-33.449000,11:49:48.000,-33:26:56.40,0.000000,0.0000000000,planned,,,,,SCIENCE-FORENSICS-EXP-HI148-01-A_0011.dat,SCIENCE-FORENSICS-EXP-HI148-01-A,,A,11
12,12,12,0,11,0,11,11.830000,-33.449000,11.830000,-33.449000,11:49:48.000,-33:26:56.40,0.000000,0.0000000000,planned,,,,,SCIENCE-FORENSICS-EXP-HI148-01-A_0012.dat,SCIENCE-FORENSICS-EXP-HI148-01-A,,A,12
13,13,13,0,12,0,12,11.830000,-33.449000,11.830000,-33.449000,11:49:48.000,-33:26:56.40,0.000000,0.0000000000,planned,,,,,SCIENCE-FORENSICS-EXP-HI148-01-A_0013.dat,SCIENCE-FORENSICS-EXP-HI148-01-A,,A,13
14,14,14,0,13,0,13,11.830000,-33.449000,11.830000,-33.449000,11:49:48.000,-33:26:56.40,0.000000,0.0000000000,planned,,,,,SCIENCE-FORENSICS-EXP-HI148-01-A_0014.dat,SCIENCE-FORENSICS-EXP-HI148-01-A,,A,14
15,15,15,0,14,0,14,11.830000,-33.449000,11.830000,-33.449000,11:49:48.000,-33:26:56.40,0.000000,0.0000000000,planned,,,,,SCIENCE-FORENSICS-EXP-HI148-01-A_0015.dat,SCIENCE-FORENSICS-EXP-HI148-01-A,,A,15
16,16,16,0,15,0,15,11.830000,-33.449000,11.830000,-33.449000,11:49:48.000,-33:26:56.40,0.000000,0.0000000000,planned,,,,,SCIENCE-FORENSICS-EXP-HI148-01-A_0016.dat,SCIENCE-FORENSICS-EXP-HI148-01-A,,A,16
17,17,17,0,16,0,16,11.830000,-33.449000,11.830000,-33.449000,11:49:48.000,-33:26:56.40,0.000000,0.0000000000,planned,,,,,SCIENCE-FORENSICS-EXP-HI148-01-A_0017.dat,SCIENCE-FORENSICS-EXP-HI148-01-A,,A,17
18,18,18,0,17,0,17,11.830000,-33.449000,11.830000,-33.449000,11:49:48.000,-33:26:56.40,0.000000,0.0000000000,planned,,,,,SCIENCE-FORENSICS-EXP-HI148-01-A_0018.dat,SCIENCE-FORENSICS-EXP-HI148-01-A,,A,18
19,19,19,0,18,0,18,11.830000,-33.449000,11.830000,-33.449000,11:49:48.000,-33:26:56.40,0.000000,0.0000000000,planned,,,,,SCIENCE-FORENSICS-EXP-HI148-01-A_0019.dat,SCIENCE-FORENSICS-EXP-HI148-01-A,,A,19
20,20,20,0,19,0,19,11.830000,-33.449000,11.830000,-33.449000,11:49:48.000,-33:26:56.40,0.000000,0.0000000000,planned,,,,,SCIENCE-FORENSICS-EXP-HI148-01-A_0020.dat,SCIENCE-FORENSICS-EXP-HI148-01-A,,A,20
21,21,21,0,20,0,20,11.830000,-33.449000,11.830000,-33.449000,11:49:48.000,-33:26:56.40,0.000000,0.0000000000,planned,,,,,SCIENCE-FORENSICS-EXP-HI148-01-A_0021.dat,SCIENCE-FORENSICS-EXP-HI148-01-A,,A,21
22,22,22,0,21,0,21,11.830000,-33.449000,11.830000,-33.449000,11:49:48.000,-33:26:56.40,0.000000,0.0000000000,planned,,,,,SCIENCE-FORENSICS-EXP-HI148-01-A_0022.dat,SCIENCE-FORENSICS-EXP-HI148-01-A,,A,22
23,23,23,0,22,0,22,11.830000,-33.449000,11.830000,-33.449000,11:49:48.000,-33:26:56.40,0.000000,0.0000000000,planned,,,,,SCIENCE-FORENSICS-EXP-HI148-01-A_0023.dat,SCIENCE-FORENSICS-EXP-HI148-01-A,,A,23
24,24,24,0,23,0,23,11.830000,-33.449000,11.830000,-33.449000,11:49:48.000,-33:26:56.40,0.000000,0.0000000000,planned,,,,,SCIENCE-FORENSICS-EXP-HI148-01-A_0024.dat,SCIENCE-FORENSICS-EXP-HI148-01-A,,A,24
25,25,25,0,24,0,24,11.830000,-33.449000,11.830000,-33.449000,11:49:48.000,-33:26:56.40,0.000000,0.0000000000,planned,,,,,SCIENCE-FORENSICS-EXP-HI148-01-A_0025.dat,SCIENCE-FORENSICS-EXP-HI148-01-A,,A,25
26,26,26,0,25,0,25,11.830000,-33.449000,11.830000,-33.449000,11:49:48.000,-33:26:56.40,0.000000,0.0000000000,planned,,,,,SCIENCE-FORENSICS-EXP-HI148-01-A_0026.dat,SCIENCE-FORENSICS-EXP-HI148-01-A,,A,26
27,27,27,0,26,0,26,11.830000,-33.449000,11.830000,-33.449000,11:49:48.000,-33:26:56.40,0.000000,0.0000000000,planned,,,,,SCIENCE-FORENSICS-EXP-HI148-01-A_0027.dat,SCIENCE-FORENSICS-EXP-HI148-01-A,,A,27
28,28,28,0,27,0,27,11.830000,-33.449000,11.830000,-33.449000,11:49:48.000,-33:26:56.40,0.000000,0.0000000000,planned,,,,,SCIENCE-FORENSICS-EXP-HI148-01-A_0028.dat,SCIENCE-FORENSICS-EXP-HI148-01-A,,A,28
29,29,29,0,28,0,28,11.830000,-33.449000,11.830000,-33.449000,11:49:48.000,-33:26:56.40,0.000000,0.0000000000,planned,,,,,SCIENCE-FORENSICS-EXP-HI148-01-A_0029.dat,SCIENCE-FORENSICS-EXP-HI148-01-A,,A,29
30,30,30,0,29,0,29,11.830000,-33.449000,11.830000,-33.449000,11:49:48.000,-33:26:56.40,0.000000,0.0000000000,planned,,,,,SCIENCE-FORENSICS-EXP-HI148-01-A_0030.dat,SCIENCE-FORENSICS-EXP-HI148-01-A,,A,30
31,31,31,0,30,0,30,11.830000,-33.449000,11.830000,-33.449000,11:49:48.000,-33:26:56.40,0.000000,0.0000000000,planned,,,,,SCIENCE-FORENSICS-EXP-HI148-01-A_0031.dat,SCIENCE-FORENSICS-EXP-HI148-01-A,,A,31
32,32,32,0,31,0,31,11.830000,-33.449000,11.830000,-33.449000,11:49:48.000,-33:26:56.40,0.000000,0.0000000000,planned,,,,,SCIENCE-FORENSICS-EXP-HI148-01-A_0032.dat,SCIENCE-FORENSICS-EXP-HI148-01-A,,A,32
33,33,33,0,32,0,32,11.830000,-33.449000,11.830000,-33.449000,11:49:48.000,-33:26:56.40,0.000000,0.0000000000,planned,,,,,SCIENCE-FORENSICS-EXP-HI148-01-A_0033.dat,SCIENCE-FORENSICS-EXP-HI148-01-A,,A,33
34,34,34,0,33,0,33,11.830000,-33.449000,11.830000,-33.449000,11:49:48.000,-33:26:56.40,0.000000,0.0000000000,planned,,,,,SCIENCE-FORENSICS-EXP-HI148-01-A_0034.dat,SCIENCE-FORENSICS-EXP-HI148-01-A,,A,34
35,35,35,0,34,0,34,11.830000,-33.449000,11.830000,-33.449000,11:49:48.000,-33:26:56.40,0.000000,0.0000000000,planned,,,,,SCIENCE-FORENSICS-EXP-HI148-01-A_0035.dat,SCIENCE-FORENSICS-EXP-HI148-01-A,,A,35
36,36,36,0,35,0,35,11.830000,-33.449000,11.830000,-33.449000,11:49:48.000,-33:26:56.40,0.000000,0.0000000000,planned,,,,,SCIENCE-FORENSICS-EXP-HI148-01-A_0036.dat,SCIENCE-FORENSICS-EXP-HI148-01-A,,A,36
37,37,37,0,36,0,36,11.830000,-33.449000,11.830000,-33.449000,11:49:48.000,-33:26:56.40,0.000000,0.0000000000,planned,,,,,SCIENCE-FORENSICS-EXP-HI148-01-A_0037.dat,SCIENCE-FORENSICS-EXP-HI148-01-A,,A,37
38,38,38,0,37,0,37,11.830000,-33.449000,11.830000,-33.449000,11:49:48.000,-33:26:56.40,0.000000,0.0000000000,planned,,,,,SCIENCE-FORENSICS-EXP-HI148-01-A_0038.dat,SCIENCE-FORENSICS-EXP-HI148-01-A,,A,38
39,39,39,0,38,0,38,11.830000,-33.449000,11.830000,-33.449000,11:49:48.000,-33:26:56.40,0.000000,0.0000000000,planned,,,,,SCIENCE-FORENSICS-EXP-HI148-01-A_0039.dat,SCIENCE-FORENSICS-EXP-HI148-01-A,,A,39
40,40,40,0,39,0,39,11.830000,-33.449000,11.830000,-33.449000,11:49:48.000,-33:26:56.40,0.000000,0.0000000000,planned,,,,,SCIENCE-FORENSICS-EXP-HI148-01-A_0040.dat,SCIENCE-FORENSICS-EXP-HI148-01-A,,A,40
41,41,41,0,40,0,40,11.830000,-33.449000,11.830000,-33.449000,11:49:48.000,-33:26:56.40,0.000000,0.0000000000,planned,,,,,SCIENCE-FORENSICS-EXP-HI148-01-A_0041.dat,SCIENCE-FORENSICS-EXP-HI148-01-A,,A,41
42,42,42,0,41,0,41,11.830000,-33.449000,11.830000,-33.449000,11:49:48.000,-33:26:56.40,0.000000,0.0000000000,planned,,,,,SCIENCE-FORENSICS-EXP-HI148-01-A_0042.dat,SCIENCE-FORENSICS-EXP-HI148-01-A,,A,42
43,43,43,0,42,0,42,11.830000,-33.449000,11.830000,-33.449000,11:49:48.000,-33:26:56.40,0.000000,0.0000000000,planned,,,,,SCIENCE-FORENSICS-EXP-HI148-01-A_0043.dat,SCIENCE-FORENSICS-EXP-HI148-01-A,,A,43
44,44,44,0,43,0,43,11.830000,-33.449000,11.830000,-33.449000,11:49:48.000,-33:26:56.40,0.000000,0.0000000000,planned,,,,,SCIENCE-FORENSICS-EXP-HI148-01-A_0044.dat,SCIENCE-FORENSICS-EXP-HI148-01-A,,A,44
45,45,45,0,44,0,44,11.830000,-33.449000,11.830000,-33.449000,11:49:48.000,-33:26:56.40,0.000000,0.0000000000,planned,,,,,SCIENCE-FORENSICS-EXP-HI148-01-A_0045.dat,SCIENCE-FORENSICS-EXP-HI148-01-A,,A,45
46,46,46,0,45,0,45,11.830000,-33.449000,11.830000,-33.449000,11:49:48.000,-33:26:56.40,0.000000,0.0000000000,planned,,,,,SCIENCE-FORENSICS-EXP-HI148-01-A_0046.dat,SCIENCE-FORENSICS-EXP-HI148-01-A,,A,46
47,47,47,0,46,0,46,11.830000,-33.449000,11.830000,-33.449000,11:49:48.000,-33:26:56.40,0.000000,0.0000000000,planned,,,,,SCIENCE-FORENSICS-EXP-HI148-01-A_0047.dat,SCIENCE-FORENSICS-EXP-HI148-01-A,,A,47
48,48,48,0,47,0,47,11.830000,-33.449000,11.830000,-33.449000,11:49:48.000,-33:26:56.40,0.000000,0.0000000000,planned,,,,,SCIENCE-FORENSICS-EXP-HI148-01-A_0048.dat,SCIENCE-FORENSICS-EXP-HI148-01-A,,A,48
49,49,49,0,48,0,48,11.830000,-33.449000,11.830000,-33.449000,11:49:48.000,-33:26:56.40,0.000000,0.0000000000,planned,,,,,SCIENCE-FORENSICS-EXP-HI148-01-A_0049.dat,SCIENCE-FORENSICS-EXP-HI148-01-A,,A,49
50,50,50,0,49,0,49,11.830000,-33.449000,11.830000,-33.449000,11:49:48.000,-33:26:56.40,0.000000,0.0000000000,planned,,,,,SCIENCE-FORENSICS-EXP-HI148-01-A_0050.dat,SCIENCE-FORENSICS-EXP-HI148-01-A,,A,50
51,51,51,0,50,0,50,11.830000,-33.449000,11.830000,-33.449000,11:49:48.000,-33:26:56.40,0.000000,0.0000000000,planned,,,,,SCIENCE-FORENSICS-EXP-HI148-01-A_0051.dat,SCIENCE-FORENSICS-EXP-HI148-01-A,,A,51
52,52,52,0,51,0,51,11.830000,-33.449000,11.830000,-33.449000,11:49:48.000,-33:26:56.40,0.000000,0.0000000000,planned,,,,,SCIENCE-FORENSICS-EXP-HI148-01-A_0052.dat,SCIENCE-FORENSICS-EXP-HI148-01-A,,A,52
53,53,53,0,52,0,52,11.830000,-33.449000,11.830000,-33.449000,11:49:48.000,-33:26:56.40,0.000000,0.0000000000,planned,,,,,SCIENCE-FORENSICS-EXP-HI148-01-A_0053.dat,SCIENCE-FORENSICS-EXP-HI148-01-A,,A,53
54,54,54,0,53,0,53,11.830000,-33.449000,11.830000,-33.449000,11:49:48.000,-33:26:56.40,0.000000,0.0000000000,planned,,,,,SCIENCE-FORENSICS-EXP-HI148-01-A_0054.dat,SCIENCE-FORENSICS-EXP-HI148-01-A,,A,54
55,55,55,0,54,0,54,11.830000,-33.449000,11.830000,-33.449000,11:49:48.000,-33:26:56.40,0.000000,0.0000000000,planned,,,,,SCIENCE-FORENSICS-EXP-HI148-01-A_0055.dat,SCIENCE-FORENSICS-EXP-HI148-01-A,,A,55
56,56,56,0,55,0,55,11.830000,-33.449000,11.830000,-33.449000,11:49:48.000,-33:26:56.40,0.000000,0.0000000000,planned,,,,,SCIENCE-FORENSICS-EXP-HI148-01-A_0056.dat,SCIENCE-FORENSICS-EXP-HI148-01-A,,A,56
57,57,57,0,56,0,56,11.830000,-33.449000,11.830000,-33.449000,11:49:48.000,-33:26:56.40,0.000000,0.0000000000,planned,,,,,SCIENCE-FORENSICS-EXP-HI148-01-A_0057.dat,SCIENCE-FORENSICS-EXP-HI148-01-A,,A,57
58,58,58,0,57,0,57,11.830000,-33.449000,11.830000,-33.449000,11:49:48.000,-33:26:56.40,0.000000,0.0000000000,planned,,,,,SCIENCE-FORENSICS-EXP-HI148-01-A_0058.dat,SCIENCE-FORENSICS-EXP-HI148-01-A,,A,58
59,59,59,0,58,0,58,11.830000,-33.449000,11.830000,-33.449000,11:49:48.000,-33:26:56.40,0.000000,0.0000000000,planned,,,,,SCIENCE-FORENSICS-EXP-HI148-01-A_0059.dat,SCIENCE-FORENSICS-EXP-HI148-01-A,,A,59
60,60,60,0,59,0,59,11.830000,-33.449000,11.830000,-33.449000,11:49:48.000,-33:26:56.40,0.000000,0.0000000000,planned,,,,,SCIENCE-FORENSICS-EXP-HI148-01-A_0060.dat,SCIENCE-FORENSICS-EXP-HI148-01-A,,A,60
