point_id,ra_deg,ra_hours,dec_deg,gal_lon,gal_lat,tb_kelvin
1,0.0,0.0,-90.0,123.932,-27.1283,4.6
2,7.5,0.5,-90.0,123.932,-27.1283,4.6
3,15.0,1.0,-90.0,123.932,-27.1283,4.6
4,22.5,1.5,-90.0,123.932,-27.1283,4.6
5,30.0,2.0,-90.0,123.932,-27.1283,4.6
6,37.5,2.5,-90.0,123.932,-27.1283,4.6
7,45.0,3.0,-90.0,123.932,-27.1283,4.6
8,52.5,3.5,-90.0,123.932,-27.1283,4.6
9,60.0,4.0,-90.0,123.932,-27.1283,4.6
10,67.5,4.5,-90.0,123.932,-27.1283,4.6
11,75.0,5.0,-90.0,123.932,-27.1283,4.6
12,82.5,5.5,-90.0,123.932,-27.1283,4.6
13,90.0,6.0,-90.0,123.932,-27.1283,4.6
14,97.5,6.5,-90.0,123.932,-27.1283,4.6
15,105.0,7.0,-90.0,123.932,-27.1283,4.6
16,112.5,7.5,-90.0,123.932,-27.1283,4.6
17,120.0,8.0,-90.0,123.932,-27.1283,4.6
18,127.5,8.5,-90.0,123.932,-27.1283,4.6
19,135.0,9.0,-90.0,123.932,-27.1283,4.6
20,142.5,9.5,-90.0,123.932,-27.1283,4.6
21,150.0,10.0,-90.0,123.932,-27.1283,4.6
22,157.5,10.5,-90.0,123.932,-27.1283,4.6
23,165.0,11.0,-90.0,123.932,-27.1283,4.6
24,172.5,11.5,-90.0,123.932,-27.1283,4.6
25,180.0,12.0,-90.0,123.932,-27.1283,4.6
26,187.5,12.5,-90.0,123.932,-27.1283,4.6
27,195.0,13.0,-90.0,123.932,-27.1283,4.6
28,202.5,13.5,-90.0,123.932,-27.1283,4.6
29,210.0,14.0,-90.0,123.932,-27.1283,4.6
30,217.5,14.5,-90.0,123.932,-27.1283,4.6
31,225.0,15.0,-90.0,123.932,-27.1283,4.6
32,232.5,15.5,-90.0,123.932,-27.1283,4.6
33,240.0,16.0,-90.0,123.932,-27.1283,4.6
34,247.5,16.5,-90.0,123.932,-27.1283,4.6
35,255.0,17.0,-90.0,123.932,-27.1283,4.6
36,262.5,17.5,-90.0,123.932,-27.1283,4.6
37,270.0,18.0,-90.0,123.932,-27.1283,4.6
38,277.5,18.5,-90.0,123.932,-27.1283,4.6
39,285.0,19.0,-90.0,123.932,-27.1283,4.6
40,292.5,19.5,-90.0,123.932,-27.1283,4.6
41,300.0,20.0,-90.0,123.932,-27.1283,4.6
42,307.5,20.5,-90.0,123.932,-27.1283,4.6
43,315.0,21.0,-90.0,123.932,-27.1283,4.6
44,322.5,21.5,-90.0,123.932,-27.1283,4.6
45,330.0,22.0,-90.0,123.932,-27.1283,4.6
46,337.5,22.5,-90.0,123.932,-27.1283,4.6
47,345.0,23.0,-90.0,123.932,-27.1283,4.6
48,352.5,23.5,-90.0,123.932,-27.1283,4.6
49,0.0,0.0,-85.6098,125.0757,-31.4037,3.0
50,7.5,0.5,-85.6098,124.4125,-31.4985,3.0
51,15.0,1.0,-85.6098,123.7398,-31.5153,3.0
52,22.5,1.5,-85.6098,123.071,-31.4539,3.0
53,30.0,2.0,-85.6098,122.4188,-31.3153,3.1
54,37.5,2.5,-85.6098,121.7959,-31.1025,3.1
55,45.0,3.0,-85.6098,121.214,-30.8193,3.2
56,52.5,3.5,-85.6098,120.6838,-30.4714,3.3
57,60.0,4.0,-85.6098,120.2146,-30.0653,3.5
58,67.5,4.5,-85.6098,119.8143,-29.6086,3.6
59,75.0,5.0,-85.6098,119.4894,-29.1096,3.8
60,82.5,5.5,-85.6098,119.2444,-28.5776,4.0
61,90.0,6.0,-85.6098,119.0824,-28.0219,4.2
62,97.5,6.5,-85.6098,119.005,-27.4523,4.5
63,105.0,7.0,-85.6098,119.0122,-26.8786,4.8
64,112.5,7.5,-85.6098,119.1026,-26.3106,5.0
65,120.0,8.0,-85.6098,119.2733,-25.7578,5.3
66,127.5,8.5,-85.6098,119.5207,-25.2293,5.6
67,135.0,9.0,-85.6098,119.8396,-24.7337,5.9
68,142.5,9.5,-85.6098,120.2242,-24.2791,6.2
69,150.0,10.0,-85.6098,120.6678,-23.8727,6.4
70,157.5,10.5,-85.6098,121.1628,-23.521,6.7
71,165.0,11.0,-85.6098,121.7011,-23.2294,6.9
72,172.5,11.5,-85.6098,122.274,-23.0027,7.0
73,180.0,12.0,-85.6098,122.8727,-22.8442,7.1
74,187.5,12.5,-85.6098,123.4877,-22.7565,7.2
75,195.0,13.0,-85.6098,124.1096,-22.741,7.2
76,202.5,13.5,-85.6098,124.7288,-22.7978,7.2
77,210.0,14.0,-85.6098,125.3356,-22.9261,7.1
78,217.5,14.5,-85.6098,125.9208,-23.1239,6.9
79,225.0,15.0,-85.6098,126.475,-23.3882,6.8
80,232.5,15.5,-85.6098,126.9896,-23.7147,6.5
81,240.0,16.0,-85.6098,127.4562,-24.0984,6.3
82,247.5,16.5,-85.6098,127.867,-24.5332,6.0
83,255.0,17.0,-85.6098,128.2149,-25.0121,5.7
84,262.5,17.5,-85.6098,128.4936,-25.5275,5.5
85,270.0,18.0,-85.6098,128.6978,-26.0709,5.2
86,277.5,18.5,-85.6098,128.8231,-26.6335,4.9
87,285.0,19.0,-85.6098,128.8662,-27.206,4.6
88,292.5,19.5,-85.6098,128.8252,-27.7785,4.4
89,300.0,20.0,-85.6098,128.6994,-28.3414,4.1
90,307.5,20.5,-85.6098,128.4898,-28.8848,3.9
91,315.0,21.0,-85.6098,128.1987,-29.3991,3.7
92,322.5,21.5,-85.6098,127.8301,-29.875,3.5
93,330.0,22.0,-85.6098,127.3896,-30.3038,3.4
94,337.5,22.5,-85.6098,126.8845,-30.6776,3.3
95,345.0,23.0,-85.6098,126.3235,-30.9893,3.2
96,352.5,23.5,-85.6098,125.7168,-31.2329,3.1
97,0.0,0.0,-81.2195,126.3287,-35.6681,3.0
98,7.5,0.5,-81.2195,124.9401,-35.8667,3.0
99,15.0,1.0,-81.2195,123.5287,-35.902,3.0
100,22.5,1.5,-81.2195,122.1264,-35.7731,3.0
101,30.0,2.0,-81.2195,120.7649,-35.483,3.0
102,37.5,2.5,-81.2195,119.4739,-35.0384,3.0
103,45.0,3.0,-81.2195,118.2804,-34.4492,3.0
104,52.5,3.5,-81.2195,117.2075,-33.7284,3.0
105,60.0,4.0,-81.2195,116.2742,-32.8915,3.0
106,67.5,4.5,-81.2195,115.4948,-31.9555,3.0
107,75.0,5.0,-81.2195,114.8792,-30.9391,3.2
108,82.5,5.5,-81.2195,114.4334,-29.8615,3.5
109,90.0,6.0,-81.2195,114.1597,-28.7426,4.0
110,97.5,6.5,-81.2195,114.0569,-27.6022,4.4
111,105.0,7.0,-81.2195,114.1214,-26.4595,5.0
112,112.5,7.5,-81.2195,114.3473,-25.3336,5.6
113,120.0,8.0,-81.2195,114.7264,-24.2426,6.2
114,127.5,8.5,-81.2195,115.2494,-23.2035,6.9
115,135.0,9.0,-81.2195,115.9052,-22.2324,7.6
116,142.5,9.5,-81.2195,116.6816,-21.3441,8.3
117,150.0,10.0,-81.2195,117.5654,-20.5518,9.0
118,157.5,10.5,-81.2195,118.5423,-19.8674,9.6
119,165.0,11.0,-81.2195,119.5974,-19.3009,10.2
120,172.5,11.5,-81.2195,120.7148,-18.8609,10.6
121,180.0,12.0,-81.2195,121.8783,-18.5536,10.9
122,187.5,12.5,-81.2195,123.0711,-18.3836,11.1
123,195.0,13.0,-81.2195,124.2762,-18.3535,11.2
124,202.5,13.5,-81.2195,125.4764,-18.4636,11.0
125,210.0,14.0,-81.2195,126.6545,-18.7124,10.8
126,217.5,14.5,-81.2195,127.7938,-19.0962,10.4
127,225.0,15.0,-81.2195,128.8775,-19.6093,9.9
128,232.5,15.5,-81.2195,129.8899,-20.2442,9.2
129,240.0,16.0,-81.2195,130.8154,-20.9915,8.6
130,247.5,16.5,-81.2195,131.6396,-21.8402,7.9
131,255.0,17.0,-81.2195,132.3487,-22.7775,7.2
132,262.5,17.5,-81.2195,132.9301,-23.7893,6.5
133,270.0,18.0,-81.2195,133.3723,-24.8601,5.8
134,277.5,18.5,-81.2195,133.665,-25.9732,5.2
135,285.0,19.0,-81.2195,133.7996,-27.1109,4.7
136,292.5,19.5,-81.2195,133.7692,-28.2546,4.1
137,300.0,20.0,-81.2195,133.5691,-29.3852,3.7
138,307.5,20.5,-81.2195,133.1971,-30.4829,3.3
139,315.0,21.0,-81.2195,132.6539,-31.528,3.0
140,322.5,21.5,-81.2195,131.9439,-32.5008,3.0
141,330.0,22.0,-81.2195,131.0751,-33.3825,3.0
142,337.5,22.5,-81.2195,130.0601,-34.1551,3.0
143,345.0,23.0,-81.2195,128.9158,-34.8025,3.0
144,352.5,23.5,-81.2195,127.6635,-35.3106,3.0
145,0.0,0.0,-76.8293,127.7231,-39.918,3.0
146,7.5,0.5,-76.8293,125.5295,-40.2324,3.0
147,15.0,1.0,-76.8293,123.2927,-40.2884,3.0
148,22.5,1.5,-76.8293,121.0733,-40.0842,3.0
149,30.0,2.0,-76.8293,118.9303,-39.6257,3.0
150,37.5,2.5,-76.8293,116.9181,-38.9256,3.0
151,45.0,3.0,-76.8293,115.0829,-38.0027,3.0
152,52.5,3.5,-76.8293,113.4615,-36.8805,3.0
153,60.0,4.0,-76.8293,112.0804,-35.5861,3.0
154,67.5,4.5,-76.8293,110.9563,-34.1487,3.0
155,75.0,5.0,-76.8293,110.0978,-32.5988,3.0
156,82.5,5.5,-76.8293,109.5061,-30.9668,3.2
157,90.0,6.0,-76.8293,109.1772,-29.2829,3.7
158,97.5,6.5,-76.8293,109.1031,-27.5764,4.4
159,105.0,7.0,-76.8293,109.273,-25.8754,5.3
160,112.5,7.5,-76.8293,109.6738,-24.2067,6.2
161,120.0,8.0,-76.8293,110.2911,-22.5956,7.3
162,127.5,8.5,-76.8293,111.1091,-21.066,8.5
163,135.0,9.0,-76.8293,112.1112,-19.6399,9.8
164,142.5,9.5,-76.8293,113.2797,-18.3377,11.2
165,150.0,10.0,-76.8293,114.596,-17.178,12.6
166,157.5,10.5,-76.8293,116.0406,-16.1772,13.9
167,165.0,11.0,-76.8293,117.5927,-15.3495,15.1
168,172.5,11.5,-76.8293,119.2309,-14.7067,16.1
169,180.0,12.0,-76.8293,120.9327,-14.258,16.8
170,187.5,12.5,-76.8293,122.6751,-14.0099,17.2
171,195.0,13.0,-76.8293,124.4345,-13.9659,17.3
172,202.5,13.5,-76.8293,126.187,-14.1267,17.0
173,210.0,14.0,-76.8293,127.9091,-14.4899,16.4
174,217.5,14.5,-76.8293,129.5774,-15.0504,15.5
175,225.0,15.0,-76.8293,131.1692,-15.8,14.4
176,232.5,15.5,-76.8293,132.6625,-16.7281,13.1
177,240.0,16.0,-76.8293,134.0363,-17.8215,11.8
178,247.5,16.5,-76.8293,135.2706,-19.0647,10.4
179,255.0,17.0,-76.8293,136.3463,-20.44,9.1
180,262.5,17.5,-76.8293,137.2455,-21.9278,7.8
181,270.0,18.0,-76.8293,137.9509,-23.5067,6.7
182,277.5,18.5,-76.8293,138.4464,-25.1537,5.7
183,285.0,19.0,-76.8293,138.7171,-26.844,4.8
184,292.5,19.5,-76.8293,138.7492,-28.5515,4.0
185,300.0,20.0,-76.8293,138.5309,-30.2487,3.4
186,307.5,20.5,-76.8293,138.0527,-31.9066,3.0
187,315.0,21.0,-76.8293,137.3089,-33.4955,3.0
188,322.5,21.5,-76.8293,136.2982,-34.9849,3.0
189,330.0,22.0,-76.8293,135.0259,-36.3444,3.0
190,337.5,22.5,-76.8293,133.505,-37.5439,3.0
191,345.0,23.0,-76.8293,131.7576,-38.5555,3.0
192,352.5,23.5,-76.8293,129.8162,-39.3538,3.0
193,0.0,0.0,-72.439,129.302,-44.1489,3.0
194,7.5,0.5,-72.439,126.2002,-44.5947,3.0
195,15.0,1.0,-72.439,123.024,-44.6741,3.0
196,22.5,1.5,-72.439,119.8777,-44.3844,3.0
197,30.0,2.0,-72.439,116.8627,-43.7358,3.0
198,37.5,2.5,-72.439,114.0681,-42.7507,3.0
199,45.0,3.0,-72.439,111.5641,-41.4608,3.0
200,52.5,3.5,-72.439,109.3996,-39.905,3.0
201,60.0,4.0,-72.439,107.6032,-38.1255,3.0
202,67.5,4.5,-72.439,106.1861,-36.1663,3.0
203,75.0,5.0,-72.439,105.1464,-34.0708,3.0
204,82.5,5.5,-72.439,104.4735,-31.881,3.0
205,90.0,6.0,-72.439,104.151,-29.6366,3.6
206,97.5,6.5,-72.439,104.1596,-27.3752,4.5
207,105.0,7.0,-72.439,104.4787,-25.1319,5.7
208,112.5,7.5,-72.439,105.0873,-22.9398,7.1
209,120.0,8.0,-72.439,105.9642,-20.8298,8.7
210,127.5,8.5,-72.439,107.0887,-18.831,10.6
211,135.0,9.0,-72.439,108.4395,-16.9704,12.8
212,142.5,9.5,-72.439,109.9953,-15.2731,15.2
213,150.0,10.0,-72.439,111.7336,-13.7624,17.7
214,157.5,10.5,-72.439,113.6311,-12.4589,20.1
215,165.0,11.0,-72.439,115.6628,-11.3808,22.4
216,172.5,11.5,-72.439,117.8026,-10.5434,24.4
217,180.0,12.0,-72.439,120.0226,-9.9588,25.9
218,187.5,12.5,-72.439,122.294,-9.6355,26.7
219,195.0,13.0,-72.439,124.5868,-9.5782,26.9
220,202.5,13.5,-72.439,126.8711,-9.7877,26.3
221,210.0,14.0,-72.439,129.1167,-10.261,25.1
222,217.5,14.5,-72.439,131.2944,-10.9911,23.3
223,225.0,15.0,-72.439,133.3758,-11.9676,21.2
224,232.5,15.5,-72.439,135.3341,-13.1764,18.7
225,240.0,16.0,-72.439,137.1437,-14.6006,16.3
226,247.5,16.5,-72.439,138.7806,-16.2205,13.8
227,255.0,17.0,-72.439,140.222,-18.014,11.6
228,262.5,17.5,-72.439,141.4462,-19.9567,9.5
229,270.0,18.0,-72.439,142.432,-22.0224,7.7
230,277.5,18.5,-72.439,143.1583,-24.183,6.2
231,285.0,19.0,-72.439,143.6042,-26.4082,5.0
232,292.5,19.5,-72.439,143.7487,-28.666,4.0
233,300.0,20.0,-72.439,143.5708,-30.9221,3.2
234,307.5,20.5,-72.439,143.0505,-33.1402,3.0
235,315.0,21.0,-72.439,142.1699,-35.2812,3.0
236,322.5,21.5,-72.439,140.9156,-37.3041,3.0
237,330.0,22.0,-72.439,139.2815,-39.1661,3.0
238,337.5,22.5,-72.439,137.2726,-40.8232,3.0
239,345.0,23.0,-72.439,134.9096,-42.2323,3.0
240,352.5,23.5,-72.439,132.2323,-43.3526,3.0
241,0.0,0.0,-68.0488,131.1243,-48.3548,3.0
242,7.5,0.5,-68.0488,126.9799,-48.9524,3.0
243,15.0,1.0,-68.0488,122.7111,-49.0592,3.0
244,22.5,1.5,-68.0488,118.4925,-48.6702,3.0
245,30.0,2.0,-68.0488,114.4916,-47.8032,3.0
246,37.5,2.5,-68.0488,110.847,-46.4958,3.0
247,45.0,3.0,-68.0488,107.6559,-44.7998,3.0
248,52.5,3.5,-68.0488,104.9726,-42.7749,3.0
249,60.0,4.0,-68.0488,102.8155,-40.4832,3.0
250,67.5,4.5,-68.0488,101.1767,-37.9851,3.0
251,75.0,5.0,-68.0488,100.0325,-35.3377,3.0
252,82.5,5.5,-68.0488,99.3514,-32.5933,3.0
253,90.0,6.0,-68.0488,99.0989,-29.7998,3.6
254,97.5,6.5,-68.0488,99.2417,-27.0007,4.7
255,105.0,7.0,-68.0488,99.7483,-24.2362,6.2
256,112.5,7.5,-68.0488,100.59,-21.5437,8.1
257,120.0,8.0,-68.0488,101.7406,-18.9581,10.5
258,127.5,8.5,-68.0488,103.1757,-16.5121,13.4
259,135.0,9.0,-68.0488,104.872,-14.2371,16.9
260,142.5,9.5,-68.0488,106.8061,-12.1621,20.7
261,150.0,10.0,-68.0488,108.954,-10.3147,25.0
262,157.5,10.5,-68.0488,111.29,-8.7198,29.3
263,165.0,11.0,-68.0488,113.7862,-7.3999,33.4
264,172.5,11.5,-68.0488,116.4125,-6.374,37.0
265,180.0,12.0,-68.0488,119.1362,-5.6573,39.8
266,187.5,12.5,-68.0488,121.9226,-5.2607,41.4
267,195.0,13.0,-68.0488,124.7353,-5.1904,41.7
268,202.5,13.5,-68.0488,127.5375,-5.4474,40.6
269,210.0,14.0,-68.0488,130.2924,-6.0277,43.9
270,217.5,14.5,-68.0488,132.9647,-6.9226,39.5
271,225.0,15.0,-68.0488,135.5206,-8.1184,31.1
272,232.5,15.5,-68.0488,137.9289,-9.5979,26.8
273,240.0,16.0,-68.0488,140.1607,-11.3398,22.5
274,247.5,16.5,-68.0488,142.1896,-13.3203,18.5
275,255.0,17.0,-68.0488,143.9909,-15.513,14.8
276,262.5,17.5,-68.0488,145.5409,-17.8893,11.7
277,270.0,18.0,-68.0488,146.8166,-20.4189,9.1
278,277.5,18.5,-68.0488,147.7939,-23.0697,7.0
279,285.0,19.0,-68.0488,148.4477,-25.8077,5.3
280,292.5,19.5,-68.0488,148.7503,-28.5967,4.0
281,300.0,20.0,-68.0488,148.6715,-31.3977,3.0
282,307.5,20.5,-68.0488,148.1786,-34.1688,3.0
283,315.0,21.0,-68.0488,147.2372,-36.864,3.0
284,322.5,21.5,-68.0488,145.8143,-39.4329,3.0
285,330.0,22.0,-68.0488,143.8817,-41.8204,3.0
286,337.5,22.5,-68.0488,141.4238,-43.9674,3.0
287,345.0,23.0,-68.0488,138.4463,-45.8122,3.0
288,352.5,23.5,-68.0488,134.987,-47.2933,3.0
289,0.0,0.0,-63.6585,133.2736,-52.5268,3.0
290,7.5,0.5,-63.6585,127.909,-53.3039,3.0
291,15.0,1.0,-63.6585,122.3375,-53.4432,3.0
292,22.5,1.5,-63.6585,116.8499,-52.9363,3.0
293,30.0,2.0,-63.6585,111.7201,-51.8135,3.0
294,37.5,2.5,-63.6585,107.156,-50.1373,3.0
295,45.0,3.0,-63.6585,103.2788,-47.9894,3.0
296,52.5,3.5,-63.6585,100.1301,-45.4582,3.0
297,60.0,4.0,-63.6585,97.6956,-42.6293,3.0
298,67.5,4.5,-63.6585,95.9288,-39.5812,3.0
299,75.0,5.0,-63.6585,94.7704,-36.3829,3.0
300,82.5,5.5,-63.6585,94.1595,-33.095,3.0
301,90.0,6.0,-63.6585,94.0401,-29.7705,3.6
302,97.5,6.5,-63.6585,94.3638,-26.4568,5.0
303,105.0,7.0,-63.6585,95.0892,-23.1966,6.9
304,112.5,7.5,-63.6585,96.1819,-20.0295,9.4
305,120.0,8.0,-63.6585,97.613,-16.9928,12.8
306,127.5,8.5,-63.6585,99.357,-14.1222,17.1
307,135.0,9.0,-63.6585,101.3907,-11.4521,22.3
308,142.5,9.5,-63.6585,103.6912,-9.0154,28.4
309,150.0,10.0,-63.6585,106.2349,-6.8437,35.3
310,157.5,10.5,-63.6585,108.9954,-4.9667,42.6
311,165.0,11.0,-63.6585,111.9432,-3.4113,49.8
312,172.5,11.5,-63.6585,115.0449,-2.2008,56.2
313,180.0,12.0,-63.6585,118.263,-1.3544,61.1
314,187.5,12.5,-63.6585,121.5564,-0.8857,64.1
315,195.0,13.0,-63.6585,124.8817,-0.8026,64.6
316,202.5,13.5,-63.6585,128.1943,-1.1064,62.7
317,210.0,14.0,-63.6585,131.4499,-1.792,74.5
318,217.5,14.5,-63.6585,134.6063,-2.8483,64.9
319,225.0,15.0,-63.6585,137.6245,-4.2583,54.3
320,232.5,15.5,-63.6585,140.4693,-6.0004,44.0
321,240.0,16.0,-63.6585,143.1094,-8.0491,31.3
322,247.5,16.5,-63.6585,145.5173,-10.3758,24.8
323,255.0,17.0,-63.6585,147.6683,-12.9497,19.2
324,262.5,17.5,-63.6585,149.5395,-15.7384,14.5
325,270.0,18.0,-63.6585,151.1078,-18.7081,10.8
326,277.5,18.5,-63.6585,152.349,-21.8237,7.9
327,285.0,19.0,-63.6585,153.236,-25.0486,5.7
328,292.5,19.5,-63.6585,153.7366,-28.3444,4.1
329,300.0,20.0,-63.6585,153.813,-31.6697,3.0
330,307.5,20.5,-63.6585,153.4195,-34.9794,3.0
331,315.0,21.0,-63.6585,152.5033,-38.2231,3.0
332,322.5,21.5,-63.6585,151.0051,-41.3437,3.0
333,330.0,22.0,-63.6585,148.864,-44.2757,3.0
334,337.5,22.5,-63.6585,146.026,-46.9449,3.0
335,345.0,23.0,-63.6585,142.4602,-49.2681,3.0
336,352.5,23.5,-63.6585,138.1812,-51.1574,3.0
337,0.0,0.0,-59.2683,135.8721,-56.6516,3.0
338,7.5,0.5,-59.2683,129.0492,-57.6465,3.0
339,15.0,1.0,-59.2683,121.8778,-57.8258,3.0
340,22.5,1.5,-59.2683,114.8487,-57.1747,3.0
341,30.0,2.0,-59.2683,108.4123,-55.746,3.0
342,37.5,2.5,-59.2683,102.8689,-53.6428,3.0
343,45.0,3.0,-59.2683,98.3432,-50.9913,3.0
344,52.5,3.5,-59.2683,94.8253,-47.917,3.0
345,60.0,4.0,-59.2683,92.2319,-44.5319,3.0
346,67.5,4.5,-59.2683,90.4534,-40.9306,3.0
347,75.0,5.0,-59.2683,89.3814,-37.1914,3.0
348,82.5,5.5,-59.2683,88.921,-33.3793,3.0
349,90.0,6.0,-59.2683,88.994,-29.5492,3.6
350,97.5,6.5,-59.2683,89.5385,-25.749,5.3
351,105.0,7.0,-59.2683,90.5065,-22.022,7.7
352,112.5,7.5,-59.2683,91.8609,-18.4083,11.1
353,120.0,8.0,-59.2683,93.5727,-14.9462,15.7
354,127.5,8.5,-59.2683,95.6185,-11.6734,21.8
355,135.0,9.0,-59.2683,97.9777,-8.6268,29.5
356,142.5,9.5,-59.2683,100.6304,-5.8429,39.0
357,150.0,10.0,-59.2683,103.5551,-3.3577,50.0
358,157.5,10.5,-59.2683,106.7268,-1.2058,62.0
359,165.0,11.0,-59.2683,110.1155,0.5809,66.0
360,172.5,11.5,-59.2683,113.6849,1.9736,57.5
361,180.0,12.0,-59.2683,117.3928,2.9488,52.1
362,187.5,12.5,-59.2683,121.1911,3.4893,49.4
363,195.0,13.0,-59.2683,125.0278,3.5852,48.9
364,202.5,13.5,-59.2683,128.8491,3.2348,50.7
365,210.0,14.0,-59.2683,132.602,2.4444,68.4
366,217.5,14.5,-59.2683,136.2364,1.2284,80.3
367,225.0,15.0,-59.2683,139.7074,-0.3924,90.0
368,232.5,15.5,-59.2683,142.9762,-2.3914,68.9
369,240.0,16.0,-59.2683,146.0103,-4.7376,51.2
370,247.5,16.5,-59.2683,148.7825,-7.3976,37.3
371,255.0,17.0,-59.2683,151.2702,-10.3359,24.9
372,262.5,17.5,-59.2683,153.4529,-13.5162,18.1
373,270.0,18.0,-59.2683,155.3107,-16.9016,12.9
374,277.5,18.5,-59.2683,156.8217,-20.4549,9.1
375,285.0,19.0,-59.2683,157.9595,-24.1381,6.3
376,292.5,19.5,-59.2683,158.691,-27.9119,4.3
377,300.0,20.0,-59.2683,158.9731,-31.7347,3.0
378,307.5,20.5,-59.2683,158.7501,-35.5608,3.0
379,315.0,21.0,-59.2683,157.9513,-39.3386,3.0
380,322.5,21.5,-59.2683,156.4887,-43.0078,3.0
381,330.0,22.0,-59.2683,154.2589,-46.4963,3.0
382,337.5,22.5,-59.2683,151.1503,-49.7167,3.0
383,345.0,23.0,-59.2683,147.064,-52.5644,3.0
384,352.5,23.5,-59.2683,141.9513,-54.9188,3.0
385,0.0,0.0,-54.878,139.104,-60.7091,4.9
386,7.5,0.5,-54.878,130.4995,-61.976,4.6
387,15.0,1.0,-54.878,121.2907,-62.2063,4.6
388,22.5,1.5,-54.878,112.3309,-61.3731,4.7
389,30.0,2.0,-54.878,104.3736,-59.5699,3.0
390,37.5,2.5,-54.878,97.8263,-56.9679,3.0
391,45.0,3.0,-54.878,92.7539,-53.7572,3.0
392,52.5,3.5,-54.878,89.0218,-50.108,3.0
393,60.0,4.0,-54.878,86.4273,-46.1573,3.0
394,67.5,4.5,-54.878,84.7731,-42.0111,3.0
395,75.0,5.0,-54.878,83.8941,-37.7513,3.0
396,82.5,5.5,-54.878,83.6616,-33.4426,3.0
397,90.0,6.0,-54.878,83.9792,-29.1383,3.8
398,97.5,6.5,-54.878,84.7766,-24.8843,5.8
399,105.0,7.0,-54.878,86.0031,-20.7223,8.8
400,112.5,7.5,-54.878,87.6227,-16.6913,13.2
401,120.0,8.0,-54.878,89.61,-12.8301,19.4
402,127.5,8.5,-54.878,91.9461,-9.1771,28.0
403,135.0,9.0,-54.878,94.6157,-5.7717,39.3
404,142.5,9.5,-54.878,97.6041,-2.6541,53.7
405,150.0,10.0,-54.878,100.8944,0.1355,69.1
406,157.5,10.5,-54.878,104.4645,2.5571,54.2
407,165.0,11.0,-54.878,108.2851,4.5724,44.3
408,172.5,11.5,-54.878,112.3181,6.1468,37.9
409,180.0,12.0,-54.878,116.5158,7.2513,33.9
410,187.5,12.5,-54.878,120.8223,7.8642,31.9
411,195.0,13.0,-54.878,125.1753,7.973,31.5
412,202.5,13.5,-54.878,129.5096,7.5755,32.8
413,210.0,14.0,-54.878,133.7614,6.6799,40.6
414,217.5,14.5,-54.878,137.8714,5.304,47.8
415,225.0,15.0,-54.878,141.7883,3.4739,59.9
416,232.5,15.5,-54.878,145.47,1.2222,80.4
417,240.0,16.0,-54.878,148.8835,-1.4142,78.3
418,247.5,16.5,-54.878,152.0038,-4.3961,45.1
419,255.0,17.0,-54.878,154.8122,-7.6829,32.5
420,262.5,17.5,-54.878,157.2932,-11.2344,22.8
421,270.0,18.0,-54.878,159.4321,-15.0111,15.6
422,277.5,18.5,-54.878,161.2122,-18.9739,10.5
423,285.0,19.0,-54.878,162.6112,-23.0844,7.0
424,292.5,19.5,-54.878,163.598,-27.3039,4.6
425,300.0,20.0,-54.878,164.1288,-31.5919,3.0
426,307.5,20.5,-54.878,164.1426,-35.9047,3.0
427,315.0,21.0,-54.878,163.5548,-40.1926,3.0
428,322.5,21.5,-54.878,162.2514,-44.3965,3.0
429,330.0,22.0,-54.878,160.083,-48.4425,3.0
430,337.5,22.5,-54.878,156.8647,-52.2359,3.0
431,345.0,23.0,-54.878,152.3904,-55.6538,3.0
432,352.5,23.5,-54.878,146.4835,-58.5397,3.0
433,0.0,0.0,-50.4878,143.2575,-64.6665,4.3
434,7.5,0.5,-50.4878,132.4293,-66.2853,4.1
435,15.0,1.0,-50.4878,120.5039,-66.5834,4.0
436,22.5,1.5,-50.4878,109.0376,-65.5106,4.2
437,30.0,2.0,-50.4878,99.3228,-63.238,4.4
438,37.5,2.5,-50.4878,91.835,-60.0513,5.0
439,45.0,3.0,-50.4878,86.4224,-56.2279,3.0
440,52.5,3.5,-50.4878,82.7044,-51.9835,3.0
441,60.0,4.0,-50.4878,80.3045,-47.4723,3.0
442,67.5,4.5,-50.4878,78.9235,-42.8028,3.0
443,75.0,5.0,-50.4878,78.3426,-38.0535,3.0
444,82.5,5.5,-50.4878,78.4079,-33.284,3.0
445,90.0,6.0,-50.4878,79.0133,-28.5425,4.0
446,97.5,6.5,-50.4878,80.0865,-23.8709,6.4
447,105.0,7.0,-50.4878,81.5796,-19.3074,10.2
448,112.5,7.5,-50.4878,83.4619,-14.8897,15.8
449,120.0,8.0,-50.4878,85.7143,-10.6555,24.1
450,127.5,8.5,-50.4878,88.3253,-6.6442,44.0
451,135.0,9.0,-50.4878,91.2875,-2.8972,52.4
452,142.5,9.5,-50.4878,94.5935,0.5421,66.3
453,150.0,10.0,-50.4878,98.233,3.6285,48.7
454,157.5,10.5,-50.4878,102.1889,6.3159,37.2
455,165.0,11.0,-50.4878,106.4343,8.5592,29.7
456,172.5,11.5,-50.4878,110.9296,10.3166,24.9
457,180.0,12.0,-50.4878,115.6219,11.5521,22.0
458,187.5,12.5,-50.4878,120.4457,12.2388,20.6
459,195.0,13.0,-50.4878,125.326,12.3608,20.3
460,202.5,13.5,-50.4878,130.1836,11.9153,21.3
461,210.0,14.0,-50.4878,134.9411,10.9126,23.5
462,217.5,14.5,-50.4878,139.5282,9.3753,27.4
463,225.0,15.0,-50.4878,143.8864,7.3357,37.6
464,232.5,15.5,-50.4878,147.9706,4.8335,50.6
465,240.0,16.0,-50.4878,151.7485,1.9127,57.8
466,247.5,16.5,-50.4878,155.1992,-1.3807,61.0
467,255.0,17.0,-50.4878,158.3099,-5.0012,42.5
468,262.5,17.5,-50.4878,161.0725,-8.9042,28.7
469,270.0,18.0,-50.4878,163.4799,-13.0477,19.0
470,277.5,18.5,-50.4878,165.5228,-17.3913,12.3
471,285.0,19.0,-50.4878,167.186,-21.8968,7.8
472,292.5,19.5,-50.4878,168.4441,-26.5266,4.9
473,300.0,20.0,-50.4878,169.2575,-31.243,3.1
474,307.5,20.5,-50.4878,169.5654,-36.0059,3.0
475,315.0,21.0,-50.4878,169.2776,-40.7704,3.0
476,322.5,21.5,-50.4878,168.2626,-45.4824,3.0
477,330.0,22.0,-50.4878,166.3316,-50.0728,3.0
478,337.5,22.5,-50.4878,163.2215,-54.4475,3.0
479,345.0,23.0,-50.4878,158.5857,-58.4742,3.0
480,352.5,23.5,-50.4878,152.0283,-61.965,4.6
481,0.0,0.0,-46.0976,148.7982,-68.4682,3.9
482,7.5,0.5,-46.0976,135.1543,-70.5607,3.7
483,15.0,1.0,-46.0976,119.3795,-70.9549,3.7
484,22.5,1.5,-46.0976,104.5194,-69.55,3.8
485,30.0,2.0,-46.0976,92.8563,-66.6762,4.0
486,37.5,2.5,-46.0976,84.6822,-62.81,4.5
487,45.0,3.0,-46.0976,79.2882,-58.3329,3.0
488,52.5,3.5,-46.0976,75.8918,-53.4933,3.0
489,60.0,4.0,-46.0976,73.9097,-48.446,3.0
490,67.5,4.5,-46.0976,72.9518,-43.29,3.0
491,75.0,5.0,-46.0976,72.7651,-38.0931,3.0
492,82.5,5.5,-46.0976,73.1865,-32.9056,3.0
493,90.0,6.0,-46.0976,74.1115,-27.7684,4.4
494,97.5,6.5,-46.0976,75.4742,-22.7177,7.2
495,105.0,7.0,-46.0976,77.2348,-17.788,11.8
496,112.5,7.5,-46.0976,79.3714,-13.0143,19.0
497,120.0,8.0,-46.0976,81.8744,-8.4336,35.7
498,127.5,8.5,-46.0976,84.7419,-4.0854,59.8
499,135.0,9.0,-46.0976,87.9762,-0.0129,99.8
500,142.5,9.5,-46.0976,91.5797,3.7369,48.2
501,150.0,10.0,-46.0976,95.5509,7.1136,34.4
502,157.5,10.5,-46.0976,99.8801,10.0647,25.6
503,165.0,11.0,-46.0976,104.5442,12.5371,20.0
504,172.5,11.5,-46.0976,109.5038,14.4803,16.5
505,180.0,12.0,-46.0976,114.7001,15.8501,14.3
506,187.5,12.5,-46.0976,120.0564,16.6128,13.3
507,195.0,13.0,-46.0976,125.4819,16.7484,13.1
508,202.5,13.5,-46.0976,130.8796,16.2533,13.8
509,210.0,14.0,-46.0976,136.1549,15.1407,15.4
510,217.5,14.5,-46.0976,141.2243,13.4386,18.3
511,225.0,15.0,-46.0976,146.0212,11.1875,22.9
512,232.5,15.5,-46.0976,150.4979,8.4355,30.1
513,240.0,16.0,-46.0976,154.6246,5.2349,41.5
514,247.5,16.5,-46.0976,158.3865,1.6389,59.4
515,255.0,17.0,-46.0976,161.7791,-2.3011,62.6
516,262.5,17.5,-46.0976,164.8036,-6.5364,36.4
517,270.0,18.0,-46.0976,167.4629,-11.0224,23.2
518,277.5,18.5,-46.0976,169.7574,-15.718,14.5
519,285.0,19.0,-46.0976,171.6813,-20.585,8.9
520,292.5,19.5,-46.0976,173.2185,-25.588,5.4
521,300.0,20.0,-46.0976,174.3376,-30.6924,3.3
522,307.5,20.5,-46.0976,174.9854,-35.863,3.0
523,315.0,21.0,-46.0976,175.0756,-41.0613,3.0
524,322.5,21.5,-46.0976,174.4736,-46.2419,3.0
525,330.0,22.0,-46.0976,172.9696,-51.3458,3.0
526,337.5,22.5,-46.0976,170.2392,-56.2895,3.0
527,345.0,23.0,-46.0976,165.7882,-60.9461,4.8
528,352.5,23.5,-46.0976,158.9108,-65.1129,4.2
529,0.0,0.0,-41.7073,156.4873,-72.0149,3.6
530,7.5,0.5,-41.7073,139.3293,-74.7738,3.5
531,15.0,1.0,-41.7073,117.6167,-75.3158,3.4
532,22.5,1.5,-41.7073,97.9487,-73.4192,3.5
533,30.0,2.0,-41.7073,84.4244,-69.7665,3.8
534,37.5,2.5,-41.7073,76.1809,-65.1348,4.2
535,45.0,3.0,-41.7073,71.353,-59.9943,3.0
536,52.5,3.5,-41.7073,68.6483,-54.5899,3.0
537,60.0,4.0,-41.7073,67.3131,-49.0534,3.0
538,67.5,4.5,-41.7073,66.9151,-43.4627,3.0
539,75.0,5.0,-41.7073,67.2016,-37.8696,3.0
540,82.5,5.5,-41.7073,68.0219,-32.3125,3.0
541,90.0,6.0,-41.7073,69.2863,-26.8241,4.8
542,97.5,6.5,-41.7073,70.9432,-21.4345,8.2
543,105.0,7.0,-41.7073,72.9655,-16.1744,13.9
544,112.5,7.5,-41.7073,75.3434,-11.0759,23.1
545,120.0,8.0,-41.7073,78.0788,-6.1748,46.5
546,127.5,8.5,-41.7073,81.1813,-1.5107,82.4
547,135.0,9.0,-41.7073,84.665,2.8714,69.4
548,142.5,9.5,-41.7073,88.5439,6.9212,42.6
549,150.0,10.0,-41.7073,92.8279,10.5831,24.3
550,157.5,10.5,-41.7073,97.517,13.7971,17.6
551,165.0,11.0,-41.7073,102.5949,16.5013,13.4
552,172.5,11.5,-41.7073,108.0234,18.635,10.9
553,180.0,12.0,-41.7073,113.7381,20.144,9.3
554,187.5,12.5,-41.7073,119.6489,20.9861,8.6
555,195.0,13.0,-41.7073,125.6451,21.136,8.5
556,202.5,13.5,-41.7073,131.6069,20.589,8.9
557,210.0,14.0,-41.7073,137.4182,19.362,10.1
558,217.5,14.5,-41.7073,142.979,17.4903,12.2
559,225.0,15.0,-41.7073,148.2135,15.0238,15.6
560,232.5,15.5,-41.7073,153.0727,12.021,21.0
561,240.0,16.0,-41.7073,157.5314,8.5438,29.8
562,247.5,16.5,-41.7073,161.5834,4.6534,47.1
563,255.0,17.0,-41.7073,165.235,0.4074,80.3
564,262.5,17.5,-41.7073,168.4993,-4.1414,50.0
565,270.0,18.0,-41.7073,171.3908,-8.946,28.6
566,277.5,18.5,-41.7073,173.9214,-13.9643,17.3
567,285.0,19.0,-41.7073,176.0968,-19.1592,10.3
568,292.5,19.5,-41.7073,177.9126,-24.497,6.0
569,300.0,20.0,-41.7073,179.3501,-29.9467,3.5
570,307.5,20.5,-41.7073,180.3694,-35.4781,3.0
571,315.0,21.0,-41.7073,180.8992,-41.06,3.0
572,322.5,21.5,-41.7073,180.8188,-46.6571,3.0
573,330.0,22.0,-41.7073,179.9259,-52.2244,3.0
574,337.5,22.5,-41.7073,177.8783,-57.6976,3.0
575,345.0,23.0,-41.7073,174.083,-62.9729,4.5
576,352.5,23.5,-41.7073,167.5073,-67.8642,3.9
577,0.0,0.0,-37.3171,167.5137,-75.1227,3.4
578,7.5,0.5,-37.3171,146.5294,-78.8534,3.3
579,15.0,1.0,-37.3171,114.413,-79.6524,3.3
580,22.5,1.5,-37.3171,87.7381,-76.9655,3.4
581,30.0,2.0,-37.3171,73.401,-72.3248,3.6
582,37.5,2.5,-37.3171,66.2691,-66.8938,4.0
583,45.0,3.0,-37.3171,62.7186,-61.1347,4.8
584,52.5,3.5,-37.3171,61.0894,-55.2332,3.0
585,60.0,4.0,-37.3171,60.6054,-49.2774,3.0
586,67.5,4.5,-37.3171,60.8757,-43.3172,3.0
587,75.0,5.0,-37.3171,61.6911,-37.3864,3.0
588,82.5,5.5,-37.3171,62.9361,-31.5122,3.0
589,90.0,6.0,-37.3171,64.5476,-25.719,5.3
590,97.5,6.5,-37.3171,66.4947,-20.0317,9.4
591,105.0,7.0,-37.3171,68.767,-14.4771,16.5
592,112.5,7.5,-37.3171,71.369,-9.0848,33.1
593,120.0,8.0,-37.3171,74.3156,-3.8893,61.2
594,127.5,8.5,-37.3171,77.6292,1.0698,87.1
595,135.0,9.0,-37.3171,81.337,5.7461,48.9
596,142.5,9.5,-37.3171,85.4669,10.086,25.5
597,150.0,10.0,-37.3171,90.0427,14.0286,17.2
598,157.5,10.5,-37.3171,95.0772,17.5062,12.2
599,165.0,11.0,-37.3171,100.5641,20.4467,9.1
600,172.5,11.5,-37.3171,106.4688,22.7776,7.2
601,180.0,12.0,-37.3171,112.7217,24.4324,6.1
602,187.5,12.5,-37.3171,119.2167,25.3583,5.5
603,195.0,13.0,-37.3171,125.8183,25.5233,5.5
604,202.5,13.5,-37.3171,132.377,24.9215,5.8
605,210.0,14.0,-37.3171,138.7487,23.5741,6.6
606,217.5,14.5,-37.3171,144.8136,21.5258,8.1
607,225.0,15.0,-37.3171,150.4859,18.8383,10.6
608,232.5,15.5,-37.3171,155.7169,15.5823,14.7
609,240.0,16.0,-37.3171,160.4889,11.8306,21.4
610,247.5,16.5,-37.3171,164.8077,7.6533,32.6
611,255.0,17.0,-37.3171,168.6934,3.1144,56.6
612,262.5,17.5,-37.3171,172.1727,-1.7294,67.3
613,270.0,18.0,-37.3171,175.2737,-6.8286,35.4
614,277.5,18.5,-37.3171,178.0213,-12.1409,20.8
615,285.0,19.0,-37.3171,180.4339,-17.6298,12.0
616,292.5,19.5,-37.3171,182.5208,-23.2636,6.8
617,300.0,20.0,-37.3171,184.2788,-29.0144,3.8
618,307.5,20.5,-37.3171,185.6866,-34.8568,3.0
619,315.0,21.0,-37.3171,186.6968,-40.7665,3.0
620,322.5,21.5,-37.3171,187.2199,-46.7176,3.0
621,330.0,22.0,-37.3171,187.094,-52.6802,3.0
622,337.5,22.5,-37.3171,186.0221,-58.6128,3.0
623,345.0,23.0,-37.3171,183.431,-64.4479,4.3
624,352.5,23.5,-37.3171,178.133,-70.0537,3.7
625,0.0,0.0,-32.9268,183.2974,-77.4606,3.3
626,7.5,0.5,-32.9268,161.2885,-82.5761,3.2
627,15.0,1.0,-32.9268,106.7354,-83.913,3.2
628,22.5,1.5,-32.9268,71.0652,-79.8447,3.3
629,30.0,2.0,-32.9268,59.4394,-74.0922,3.5
630,37.5,2.5,-32.9268,55.1528,-67.9506,3.9
631,45.0,3.0,-32.9268,53.6096,-61.6905,4.7
632,52.5,3.5,-32.9268,53.376,-55.3977,3.0
633,60.0,4.0,-32.9268,53.8899,-49.1116,3.0
634,67.5,4.5,-32.9268,54.8962,-42.8565,3.0
635,75.0,5.0,-32.9268,56.2693,-36.6515,3.0
636,82.5,5.5,-32.9268,57.947,-30.5144,3.3
637,90.0,6.0,-32.9268,59.9019,-24.4637,6.1
638,97.5,6.5,-32.9268,62.1279,-18.5199,11.0
639,105.0,7.0,-32.9268,64.6337,-12.7065,19.6
640,112.5,7.5,-32.9268,67.439,-7.0512,34.6
641,120.0,8.0,-32.9268,70.5728,-1.5872,81.6
642,127.5,8.5,-32.9268,74.0711,3.6462,63.1
643,135.0,9.0,-32.9268,77.9754,8.6013,35.0
644,142.5,9.5,-32.9268,82.3291,13.2218,18.7
645,150.0,10.0,-32.9268,87.1728,17.4414,12.2
646,157.5,10.5,-32.9268,92.5361,21.1843,8.4
647,165.0,11.0,-32.9268,98.4265,24.3673,6.1
648,172.5,11.5,-32.9268,104.8169,26.9041,4.7
649,180.0,12.0,-32.9268,111.6337,28.7136,4.0
650,187.5,12.5,-32.9268,118.7521,29.7292,3.6
651,195.0,13.0,-32.9268,126.0047,29.9105,3.5
652,202.5,13.5,-32.9268,133.2031,29.2498,3.8
653,210.0,14.0,-32.9268,140.1675,27.7742,4.4
654,217.5,14.5,-32.9268,146.7528,25.5402,5.4
655,225.0,15.0,-32.9268,152.8637,22.624,7.3
656,232.5,15.5,-32.9268,158.454,19.1109,10.4
657,240.0,16.0,-32.9268,163.5181,15.0861,15.5
658,247.5,16.5,-32.9268,168.0776,10.629,24.2
659,255.0,17.0,-32.9268,172.1695,5.81,39.2
660,262.5,17.5,-32.9268,175.8367,0.6898,77.3
661,270.0,18.0,-32.9268,179.1222,-4.6805,47.0
662,277.5,18.5,-32.9268,182.0645,-10.2581,25.1
663,285.0,19.0,-32.9268,184.6958,-16.0073,14.1
664,292.5,19.5,-32.9268,187.0401,-21.8982,7.8
665,300.0,20.0,-32.9268,189.1111,-27.9057,4.3
666,307.5,20.5,-32.9268,190.9097,-34.0081,3.0
667,315.0,21.0,-32.9268,192.4188,-40.1862,3.0
668,322.5,21.5,-32.9268,193.5932,-46.422,3.0
669,330.0,22.0,-32.9268,194.3399,-52.6974,3.0
670,337.5,22.5,-32.9268,194.4717,-58.9908,3.0
671,345.0,23.0,-32.9268,193.5937,-65.2715,4.2
672,352.5,23.5,-32.9268,190.7684,-71.4804,3.6
673,0.0,0.0,-28.5366,203.8897,-78.547,3.3
674,7.5,0.5,-28.5366,196.1426,-85.0563,3.2
675,15.0,1.0,-28.5366,71.0775,-87.6408,3.1
676,22.5,1.5,-28.5366,45.5451,-81.3617,3.2
677,30.0,2.0,-28.5366,43.2258,-74.7901,3.5
678,37.5,2.5,-28.5366,43.3957,-68.2026,3.9
679,45.0,3.0,-28.5366,44.3547,-61.6271,4.7
680,52.5,3.5,-28.5366,45.6929,-55.0765,3.0
681,60.0,4.0,-28.5366,47.2704,-48.5609,3.0
682,67.5,4.5,-28.5366,49.0341,-42.0903,3.0
683,75.0,5.0,-28.5366,50.9665,-35.6761,3.0
684,82.5,5.5,-28.5366,53.0686,-29.3308,3.7
685,90.0,6.0,-28.5366,55.3529,-23.0693,7.0
686,97.5,6.5,-28.5366,57.8401,-16.9096,12.9
687,105.0,7.0,-28.5366,60.5585,-10.8728,23.6
688,112.5,7.5,-28.5366,63.5437,-4.9851,42.5
689,120.0,8.0,-28.5366,66.8384,0.7217,65.1
690,127.5,8.5,-28.5366,70.4926,6.2084,46.3
691,135.0,9.0,-28.5366,74.5629,11.4269,22.3
692,142.5,9.5,-28.5366,79.1101,16.3183,13.7
693,150.0,10.0,-28.5366,84.1941,20.8114,8.7
694,157.5,10.5,-28.5366,89.8659,24.8225,5.8
695,165.0,11.0,-28.5366,96.1526,28.256,4.1
696,172.5,11.5,-28.5366,103.0398,31.0101,3.2
697,180.0,12.0,-28.5366,110.4527,32.9852,3.0
698,187.5,12.5,-28.5366,118.245,34.0983,3.0
699,195.0,13.0,-28.5366,126.2083,34.2973,3.0
700,202.5,13.5,-28.5366,134.1024,33.5725,3.0
701,210.0,14.0,-28.5366,141.7001,31.9586,3.0
702,217.5,14.5,-28.5366,148.8262,29.5272,3.7
703,225.0,15.0,-28.5366,155.3756,26.3727,5.0
704,232.5,15.5,-28.5366,161.3099,22.5973,7.3
705,240.0,16.0,-28.5366,166.641,18.3001,11.2
706,247.5,16.5,-28.5366,171.4115,13.5702,18.0
707,255.0,17.0,-28.5366,175.6789,8.4842,30.0
708,262.5,17.5,-28.5366,179.5045,3.1061,56.6
709,270.0,18.0,-28.5366,182.9469,-2.5115,60.9
710,277.5,18.5,-28.5366,186.0593,-8.3259,30.4
711,285.0,19.0,-28.5366,188.8874,-14.3022,16.7
712,292.5,19.5,-28.5366,191.47,-20.412,9.1
713,300.0,20.0,-28.5366,193.8383,-26.6322,4.9
714,307.5,20.5,-28.5366,196.0166,-32.9434,3.0
715,315.0,21.0,-28.5366,198.021,-39.3298,3.0
716,322.5,21.5,-28.5366,199.8579,-45.7776,3.0
717,330.0,22.0,-28.5366,201.5191,-52.2752,3.0
718,337.5,22.5,-28.5366,202.9702,-58.812,3.0
719,345.0,23.0,-28.5366,204.119,-65.3781,4.2
720,352.5,23.5,-28.5366,204.7138,-71.9624,3.6
721,0.0,0.0,-24.1463,225.5041,-78.0358,3.3
722,7.5,0.5,-24.1463,244.4302,-84.3232,3.2
723,15.0,1.0,-24.1463,337.3108,-86.4483,3.1
724,22.5,1.5,-24.1463,17.1294,-80.8147,3.2
725,30.0,2.0,-24.1463,26.823,-74.2754,3.5
726,37.5,2.5,-24.1463,31.8046,-67.6225,3.9
727,45.0,3.0,-24.1463,35.3181,-60.9487,4.8
728,52.5,3.5,-24.1463,38.2204,-54.2829,3.0
729,60.0,4.0,-24.1463,40.8403,-47.6406,3.0
730,67.5,4.5,-24.1463,43.3377,-41.0338,3.0
731,75.0,5.0,-24.1463,45.8061,-34.4742,3.0
732,82.5,5.5,-24.1463,48.3101,-27.9741,4.3
733,90.0,6.0,-24.1463,50.9013,-21.5476,8.1
734,97.5,6.5,-24.1463,53.6268,-15.2116,15.3
735,105.0,7.0,-24.1463,56.5338,-8.9862,28.5
736,112.5,7.5,-24.1463,59.6728,-2.8962,52.4
737,120.0,8.0,-24.1463,63.1001,3.0275,51.7
738,127.5,8.5,-24.1463,66.8793,8.7465,29.2
739,135.0,9.0,-24.1463,71.0823,14.2123,16.9
740,142.5,9.5,-24.1463,75.7883,19.3645,10.1
741,150.0,10.0,-24.1463,81.0802,24.1278,6.3
742,157.5,10.5,-24.1463,87.035,28.4104,4.1
743,165.0,11.0,-24.1463,93.7071,32.1042,3.0
744,172.5,11.5,-24.1463,101.103,35.0894,3.0
745,180.0,12.0,-24.1463,109.1515,37.2447,3.0
746,187.5,12.5,-24.1463,117.6827,38.4651,3.0
747,195.0,13.0,-24.1463,126.4344,38.6838,3.0
748,202.5,13.5,-24.1463,135.0966,37.888,3.0
749,210.0,14.0,-24.1463,143.379,36.1228,3.0
750,217.5,14.5,-24.1463,151.0692,33.4795,3.0
751,225.0,15.0,-24.1463,158.055,30.0747,3.5
752,232.5,15.5,-24.1463,164.3131,26.0307,5.2
753,240.0,16.0,-24.1463,169.8809,21.4615,8.2
754,247.5,16.5,-24.1463,174.8284,16.4661,13.5
755,255.0,17.0,-24.1463,179.2372,11.1266,23.0
756,262.5,17.5,-24.1463,183.189,5.5097,40.3
757,270.0,18.0,-24.1463,186.759,-0.3314,81.1
758,277.5,18.5,-24.1463,190.0145,-6.3541,37.1
759,285.0,19.0,-24.1463,193.0146,-12.5248,20.0
760,292.5,19.5,-24.1463,195.8121,-18.816,10.7
761,300.0,20.0,-24.1463,198.4553,-25.2059,5.6
762,307.5,20.5,-24.1463,200.9907,-31.6763,3.0
763,315.0,21.0,-24.1463,203.4675,-38.212,3.0
764,322.5,21.5,-24.1463,205.9432,-44.8,3.0
765,330.0,22.0,-24.1463,208.4961,-51.4285,3.0
766,337.5,22.5,-24.1463,211.2505,-58.0858,3.0
767,345.0,23.0,-24.1463,214.4419,-64.7585,4.2
768,352.5,23.5,-24.1463,218.6188,-71.4257,3.6
769,0.0,0.0,-19.7561,243.2333,-76.1022,3.4
770,7.5,0.5,-19.7561,269.1228,-81.1416,3.2
771,15.0,1.0,-19.7561,319.2867,-82.3713,3.2
772,22.5,1.5,-19.7561,356.1322,-78.4943,3.3
773,30.0,2.0,-19.7561,12.433,-72.6558,3.6
774,37.5,2.5,-19.7561,21.1196,-66.2715,4.1
775,45.0,3.0,-19.7561,26.8115,-59.6968,3.0
776,52.5,3.5,-19.7561,31.1061,-53.0478,3.0
777,60.0,4.0,-19.7561,34.6733,-46.3749,3.0
778,67.5,4.5,-19.7561,37.8437,-39.7065,3.0
779,75.0,5.0,-19.7561,40.8048,-33.062,3.0
780,82.5,5.5,-19.7561,43.6765,-26.4579,5.0
781,90.0,6.0,-19.7561,46.5455,-19.9103,9.6
782,97.5,6.5,-19.7561,49.4823,-13.4364,18.3
783,105.0,7.0,-19.7561,52.5513,-7.0563,34.6
784,112.5,7.5,-19.7561,55.8163,-0.7942,64.7
785,120.0,8.0,-19.7561,59.346,5.3204,41.1
786,127.5,8.5,-19.7561,63.2167,11.2498,22.7
787,135.0,9.0,-19.7561,67.5156,16.9461,12.9
788,142.5,9.5,-19.7561,72.3414,22.3482,7.5
789,150.0,10.0,-19.7561,77.8022,27.3776,4.5
790,157.5,10.5,-19.7561,84.0073,31.9357,3.0
791,165.0,11.0,-19.7561,91.0478,35.9014,3.0
792,172.5,11.5,-19.7561,98.9628,39.1348,3.0
793,180.0,12.0,-19.7561,107.6945,41.4882,3.0
794,187.5,12.5,-19.7561,117.0478,42.8289,3.0
795,195.0,13.0,-19.7561,126.6901,43.0698,3.0
796,202.5,13.5,-19.7561,136.2146,42.1941,3.0
797,210.0,14.0,-19.7561,145.2456,40.261,3.0
798,217.5,14.5,-19.7561,153.5257,37.3875,3.0
799,225.0,15.0,-19.7561,160.9412,33.7181,3.0
800,232.5,15.5,-19.7561,167.4958,29.3982,3.7
801,240.0,16.0,-19.7561,173.2632,24.5577,6.0
802,247.5,16.5,-19.7561,178.3479,19.3049,10.2
803,255.0,17.0,-19.7561,182.8602,13.7264,17.7
804,262.5,17.5,-19.7561,186.9033,7.8905,31.8
805,270.0,18.0,-19.7561,190.5694,1.8503,66.3
806,277.5,18.5,-19.7561,193.9393,-4.3526,48.8
807,285.0,19.0,-19.7561,197.0844,-10.6853,24.0
808,292.5,19.5,-19.7561,200.0702,-17.1216,12.6
809,300.0,20.0,-19.7561,202.9602,-23.6398,6.6
810,307.5,20.5,-19.7561,205.8213,-30.2217,3.4
811,315.0,21.0,-19.7561,208.7318,-36.8508,3.0
812,322.5,21.5,-19.7561,211.7945,-43.5111,3.0
813,330.0,22.0,-19.7561,215.1618,-50.1848,3.0
814,337.5,22.5,-19.7561,219.0888,-56.8484,3.0
815,345.0,23.0,-19.7561,224.0615,-63.4638,4.4
816,352.5,23.5,-19.7561,231.1555,-69.9522,3.7
817,0.0,0.0,-15.3659,255.8722,-73.2313,3.5
818,7.5,0.5,-15.3659,279.8942,-77.226,3.4
819,15.0,1.0,-15.3659,313.966,-78.0705,3.3
820,22.5,1.5,-15.3659,343.1816,-75.2132,3.4
821,30.0,2.0,-15.3659,0.9638,-70.2008,3.7
822,37.5,2.5,-15.3659,11.7619,-64.271,4.3
823,45.0,3.0,-15.3659,19.0344,-57.9389,3.0
824,52.5,3.5,-15.3659,24.4492,-51.4142,3.0
825,60.0,4.0,-15.3659,28.819,-44.794,3.0
826,67.5,4.5,-15.3659,32.5758,-38.1306,3.0
827,75.0,5.0,-15.3659,35.9719,-31.4568,3.0
828,82.5,5.5,-15.3659,39.169,-24.7963,5.9
829,90.0,6.0,-15.3659,42.2817,-18.1691,11.4
830,97.5,6.5,-15.3659,45.3999,-11.5945,22.0
831,105.0,7.0,-15.3659,48.6021,-5.0931,42.1
832,112.5,7.5,-15.3659,51.9637,1.3115,61.4
833,120.0,8.0,-15.3659,55.5639,7.5904,32.8
834,127.5,8.5,-15.3659,59.4905,13.7075,17.8
835,135.0,9.0,-15.3659,63.845,19.6163,9.8
836,142.5,9.5,-15.3659,68.7455,25.2558,5.6
837,150.0,10.0,-15.3659,74.3282,30.5463,3.3
838,157.5,10.5,-15.3659,80.7407,35.3835,3.0
839,165.0,11.0,-15.3659,88.1225,39.634,3.0
840,172.5,11.5,-15.3659,96.5629,43.1362,3.0
841,180.0,12.0,-15.3659,106.0334,45.7107,3.0
842,187.5,12.5,-15.3659,116.3162,47.1886,3.0
843,195.0,13.0,-15.3659,126.9852,47.4551,3.0
844,202.5,13.5,-15.3659,137.4962,46.4878,3.0
845,210.0,14.0,-15.3659,147.3549,44.3653,3.0
846,217.5,14.5,-15.3659,156.2506,41.2391,3.0
847,225.0,15.0,-15.3659,164.0808,37.2885,3.0
848,232.5,15.5,-15.3659,170.8939,32.685,3.0
849,240.0,16.0,-15.3659,176.8145,27.5747,4.4
850,247.5,16.5,-15.3659,181.9902,22.0739,7.7
851,255.0,17.0,-15.3659,186.5635,16.2722,13.8
852,262.5,17.5,-15.3659,190.6603,10.2381,25.1
853,270.0,18.0,-15.3659,194.3892,4.0237,50.7
854,277.5,18.5,-15.3659,197.8431,-2.3309,62.3
855,285.0,19.0,-15.3659,201.1044,-8.7939,29.1
856,292.5,19.5,-15.3659,204.2494,-15.3398,15.1
857,300.0,20.0,-15.3659,207.3544,-21.9468,7.8
858,307.5,20.5,-15.3659,210.503,-28.5953,4.0
859,315.0,21.0,-15.3659,213.7973,-35.266,3.0
860,322.5,21.5,-15.3659,217.375,-41.9372,3.0
861,330.0,22.0,-15.3659,221.4422,-48.5808,3.0
862,337.5,22.5,-15.3659,226.3379,-55.155,3.0
863,345.0,23.0,-15.3659,232.6745,-61.5864,4.7
864,352.5,23.5,-15.3659,241.6666,-67.7272,3.9
865,0.0,0.0,-10.9756,264.6349,-69.8195,3.7
866,7.5,0.5,-10.9756,285.5688,-73.0785,3.5
867,15.0,1.0,-10.9756,311.4488,-73.7223,3.5
868,22.5,1.5,-10.9756,335.0933,-71.475,3.6
869,30.0,2.0,-10.9756,352.1729,-67.1786,4.0
870,37.5,2.5,-10.9756,3.8138,-61.759,4.7
871,45.0,3.0,-10.9756,12.0656,-55.7535,3.0
872,52.5,3.5,-10.9756,18.2979,-49.4312,3.0
873,60.0,4.0,-10.9756,23.3036,-42.9308,3.0
874,67.5,4.5,-10.9756,27.5459,-36.33,3.0
875,75.0,5.0,-10.9756,31.3104,-29.6766,3.6
876,82.5,5.5,-10.9756,34.7852,-23.0034,7.0
877,90.0,6.0,-10.9756,38.1043,-16.3359,13.7
878,97.5,6.5,-10.9756,41.3718,-9.6962,26.5
879,105.0,7.0,-10.9756,44.6771,-3.1059,51.3
880,112.5,7.5,-10.9756,48.1047,3.4112,49.8
881,120.0,8.0,-10.9756,51.742,9.8274,26.2
882,127.5,8.5,-10.9756,55.6865,16.1083,14.0
883,135.0,9.0,-10.9756,60.0521,22.2096,7.6
884,142.5,9.5,-10.9756,64.9761,28.0722,4.2
885,150.0,10.0,-10.9756,70.6235,33.6167,3.0
886,157.5,10.5,-10.9756,77.1864,38.7355,3.0
887,165.0,11.0,-10.9756,84.867,43.285,3.0
888,172.5,11.5,-10.9756,93.8289,47.0805,3.0
889,180.0,12.0,-10.9756,104.1014,49.9052,3.0
890,187.5,12.5,-10.9756,115.4535,51.5429,3.0
891,195.0,13.0,-10.9756,127.3342,51.8396,3.0
892,202.5,13.5,-10.9756,138.9975,50.7647,3.0
893,210.0,14.0,-10.9756,149.7805,48.425,3.0
894,217.5,14.5,-10.9756,159.3137,45.0185,3.0
895,225.0,15.0,-10.9756,167.5293,40.7677,3.0
896,232.5,15.5,-10.9756,174.5478,35.8733,3.0
897,240.0,16.0,-10.9756,180.5634,30.4964,3.3
898,247.5,16.5,-10.9756,185.7759,24.7591,5.9
899,255.0,17.0,-10.9756,190.3628,18.752,10.7
900,262.5,17.5,-10.9756,194.4729,12.542,20.0
901,270.0,18.0,-10.9756,198.2293,6.1792,37.7
902,277.5,18.5,-10.9756,201.7358,-0.2984,67.9
903,285.0,19.0,-10.9756,205.0832,-6.8603,35.3
904,292.5,19.5,-10.9756,208.3565,-13.4815,18.2
905,300.0,20.0,-10.9756,211.6418,-20.1398,9.3
906,307.5,20.5,-10.9756,215.0355,-26.8133,4.8
907,315.0,21.0,-10.9756,218.6565,-33.4786,3.0
908,322.5,21.5,-10.9756,222.6658,-40.1068,3.0
909,330.0,22.0,-10.9756,227.2999,-46.6576,3.0
910,337.5,22.5,-10.9756,232.9324,-53.0688,3.0
911,345.0,23.0,-10.9756,240.19,-59.2334,3.0
912,352.5,23.5,-10.9756,250.1603,-64.9504,4.2
913,0.0,0.0,-6.5854,270.8623,-66.0973,4.1
914,7.5,0.5,-6.5854,289.0404,-68.835,3.8
915,15.0,1.0,-6.5854,309.9733,-69.3566,3.8
916,22.5,1.5,-6.5854,329.7074,-67.5067,3.9
917,30.0,2.0,-6.5854,345.4431,-63.7849,4.4
918,37.5,2.5,-6.5854,357.148,-58.8597,3.0
919,45.0,3.0,-6.5854,5.8909,-53.2176,3.0
920,52.5,3.5,-6.5854,12.6587,-47.1484,3.0
921,60.0,4.0,-6.5854,18.1326,-40.819,3.0
922,67.5,4.5,-6.5854,22.7554,-34.3284,3.0
923,75.0,5.0,-6.5854,26.8181,-27.739,4.4
924,82.5,5.5,-6.5854,30.52,-21.0932,8.5
925,90.0,6.0,-6.5854,34.0061,-14.4221,16.5
926,97.5,6.5,-6.5854,37.3895,-7.7513,32.2
927,105.0,7.0,-6.5854,40.7668,-1.1043,62.7
928,112.5,7.5,-6.5854,44.2287,5.4954,40.4
929,120.0,8.0,-6.5854,47.8686,12.021,21.0
930,127.5,8.5,-6.5854,51.7906,18.4402,11.1
931,135.0,9.0,-6.5854,56.119,24.7118,5.9
932,142.5,9.5,-6.5854,61.0077,30.7801,3.2
933,150.0,10.0,-6.5854,66.6505,36.5686,3.0
934,157.5,10.5,-6.5854,73.2884,41.9696,3.0
935,165.0,11.0,-6.5854,81.2018,46.8319,3.0
936,172.5,11.5,-6.5854,90.6618,50.9494,3.0
937,180.0,12.0,-6.5854,101.8025,54.0615,3.0
938,187.5,12.5,-6.5854,114.4081,55.8895,3.0
939,195.0,13.0,-6.5854,127.7586,56.2228,3.0
940,202.5,13.5,-6.5854,140.8004,55.0184,3.0
941,210.0,14.0,-6.5854,152.6246,52.4248,3.0
942,217.5,14.5,-6.5854,162.8045,48.7045,3.0
943,225.0,15.0,-6.5854,171.3524,44.1331,3.0
944,232.5,15.5,-6.5854,178.5022,38.9418,3.0
945,240.0,16.0,-6.5854,184.5398,33.3042,3.0
946,247.5,16.5,-6.5854,189.7257,27.3451,4.5
947,255.0,17.0,-6.5854,194.2736,21.1529,8.4
948,262.5,17.5,-6.5854,198.3534,14.7913,15.9
949,270.0,18.0,-6.5854,202.1006,8.3069,30.5
950,277.5,18.5,-6.5854,205.627,1.7355,58.8
951,285.0,19.0,-6.5854,209.0295,-4.8942,42.9
952,292.5,19.5,-6.5854,212.3991,-11.5576,22.0
953,300.0,20.0,-6.5854,215.8285,-18.2315,11.3
954,307.5,20.5,-6.5854,219.4223,-24.8916,5.8
955,315.0,21.0,-6.5854,223.3096,-31.5096,3.0
956,322.5,21.5,-6.5854,227.6627,-38.0488,3.0
957,330.0,22.0,-6.5854,232.7277,-44.4569,3.0
958,337.5,22.5,-6.5854,238.8728,-50.6533,3.0
959,345.0,23.0,-6.5854,246.6654,-56.5054,3.0
960,352.5,23.5,-6.5854,256.9604,-61.7847,4.7
961,0.0,0.0,-2.1951,275.4629,-62.1894,4.6
962,7.5,0.5,-2.1951,291.3904,-64.5436,4.3
963,15.0,1.0,-2.1951,308.9953,-64.9827,4.2
964,22.5,1.5,-2.1951,325.8871,-63.4111,4.4
965,30.0,2.0,-2.1951,340.2041,-60.1464,5.0
966,37.5,2.5,-2.1951,351.5586,-55.6716,3.0
967,45.0,3.0,-2.1951,0.442,-50.3994,3.0
968,52.5,3.5,-2.1951,7.5081,-44.6125,3.0
969,60.0,4.0,-2.1951,13.2963,-38.4911,3.0
970,67.5,4.5,-2.1951,18.1976,-32.1493,3.0
971,75.0,5.0,-2.1951,22.4881,-25.6616,5.4
972,82.5,5.5,-2.1951,26.366,-19.0791,10.4
973,90.0,6.0,-2.1951,29.979,-12.4388,20.2
974,97.5,6.5,-2.1951,33.4442,-5.7699,39.3
975,105.0,7.0,-2.1951,36.8619,0.9025,64.0
976,112.5,7.5,-2.1951,40.3258,7.5544,32.9
977,120.0,8.0,-2.1951,43.9323,14.1603,17.0
978,127.5,8.5,-2.1951,47.7895,20.6905,8.8
979,135.0,9.0,-2.1951,52.0282,27.1073,4.7
980,142.5,9.5,-2.1951,56.815,33.3603,3.0
981,150.0,10.0,-2.1951,62.3696,39.3784,3.0
982,157.5,10.5,-2.1951,68.9833,45.0579,3.0
983,165.0,11.0,-2.1951,77.0288,50.2456,3.0
984,172.5,11.5,-2.1951,86.9273,54.7172,3.0
985,180.0,12.0,-2.1951,98.9952,58.1643,3.0
986,187.5,12.5,-2.1951,113.0988,60.2249,5.0
987,195.0,13.0,-2.1951,128.2929,60.6041,4.9
988,202.5,13.5,-2.1951,143.0303,59.2392,3.0
989,210.0,14.0,-2.1951,156.0305,56.3429,3.0
990,217.5,14.5,-2.1951,166.8375,52.2686,3.0
991,225.0,15.0,-2.1951,175.6274,47.3559,3.0
992,232.5,15.5,-2.1951,182.8055,41.865,3.0
993,240.0,16.0,-2.1951,188.7742,35.9772,3.0
994,247.5,16.5,-2.1951,193.8599,29.8147,3.6
995,255.0,17.0,-2.1951,198.3108,23.461,6.7
996,262.5,17.5,-2.1951,202.3139,16.9743,12.8
997,270.0,18.0,-2.1951,206.0137,10.3969,24.7
998,277.5,18.5,-2.1951,209.5265,3.7614,48.1
999,285.0,19.0,-2.1951,212.9526,-2.9051,52.4
1000,292.5,19.5,-2.1951,216.3858,-9.5785,26.9
1001,300.0,20.0,-2.1951,219.9223,-16.2344,13.8
1002,307.5,20.5,-2.1951,223.6705,-22.8457,7.1
1003,315.0,21.0,-2.1951,227.7631,-29.3793,3.7
1004,322.5,21.5,-2.1951,232.3738,-35.7912,3.0
1005,330.0,22.0,-2.1951,237.741,-42.0184,3.0
1006,337.5,22.5,-2.1951,244.2017,-47.9663,3.0
1007,345.0,23.0,-2.1951,252.2293,-53.4871,3.0
1008,352.5,23.5,-2.1951,262.4424,-58.347,3.0
1009,0.0,0.0,2.1951,278.9952,-58.1643,3.0
1010,7.5,0.5,2.1951,293.0988,-60.2249,5.0
1011,15.0,1.0,2.1951,308.2929,-60.6041,4.9
1012,22.5,1.5,2.1951,323.0303,-59.2392,3.0
1013,30.0,2.0,2.1951,336.0305,-56.3429,3.0
1014,37.5,2.5,2.1951,346.8375,-52.2686,3.0
1015,45.0,3.0,2.1951,355.6274,-47.3559,3.0
1016,52.5,3.5,2.1951,2.8055,-41.865,3.0
1017,60.0,4.0,2.1951,8.7742,-35.9772,3.0
1018,67.5,4.5,2.1951,13.8599,-29.8147,3.6
1019,75.0,5.0,2.1951,18.3108,-23.461,6.7
1020,82.5,5.5,2.1951,22.3139,-16.9743,12.8
1021,90.0,6.0,2.1951,26.0137,-10.3969,24.7
1022,97.5,6.5,2.1951,29.5265,-3.7614,55.7
1023,105.0,7.0,2.1951,32.9526,2.9051,52.4
1024,112.5,7.5,2.1951,36.3858,9.5785,26.9
1025,120.0,8.0,2.1951,39.9223,16.2344,13.8
1026,127.5,8.5,2.1951,43.6705,22.8457,7.1
1027,135.0,9.0,2.1951,47.7631,29.3793,3.7
1028,142.5,9.5,2.1951,52.3738,35.7912,3.0
1029,150.0,10.0,2.1951,57.741,42.0184,3.0
1030,157.5,10.5,2.1951,64.2017,47.9663,3.0
1031,165.0,11.0,2.1951,72.2293,53.4871,3.0
1032,172.5,11.5,2.1951,82.4424,58.347,3.0
1033,180.0,12.0,2.1951,95.4629,62.1894,4.6
1034,187.5,12.5,2.1951,111.3904,64.5436,4.3
1035,195.0,13.0,2.1951,128.9953,64.9827,4.2
1036,202.5,13.5,2.1951,145.8871,63.4111,4.4
1037,210.0,14.0,2.1951,160.2041,60.1464,5.0
1038,217.5,14.5,2.1951,171.5586,55.6716,3.0
1039,225.0,15.0,2.1951,180.442,50.3994,3.0
1040,232.5,15.5,2.1951,187.5081,44.6125,3.0
1041,240.0,16.0,2.1951,193.2963,38.4911,3.0
1042,247.5,16.5,2.1951,198.1976,32.1493,3.0
1043,255.0,17.0,2.1951,202.4881,25.6616,5.4
1044,262.5,17.5,2.1951,206.366,19.0791,10.4
1045,270.0,18.0,2.1951,209.979,12.4388,20.2
1046,277.5,18.5,2.1951,213.4442,5.7699,39.3
1047,285.0,19.0,2.1951,216.8619,-0.9025,64.0
1048,292.5,19.5,2.1951,220.3258,-7.5544,32.9
1049,300.0,20.0,2.1951,223.9323,-14.1603,17.0
1050,307.5,20.5,2.1951,227.7895,-20.6905,8.8
1051,315.0,21.0,2.1951,232.0282,-27.1073,4.7
1052,322.5,21.5,2.1951,236.815,-33.3603,3.0
1053,330.0,22.0,2.1951,242.3696,-39.3784,3.0
1054,337.5,22.5,2.1951,248.9833,-45.0579,3.0
1055,345.0,23.0,2.1951,257.0288,-50.2456,3.0
1056,352.5,23.5,2.1951,266.9273,-54.7172,3.0
1057,0.0,0.0,6.5854,281.8025,-54.0615,3.0
1058,7.5,0.5,6.5854,294.4081,-55.8895,3.0
1059,15.0,1.0,6.5854,307.7586,-56.2228,3.0
1060,22.5,1.5,6.5854,320.8004,-55.0184,3.0
1061,30.0,2.0,6.5854,332.6246,-52.4248,3.0
1062,37.5,2.5,6.5854,342.8045,-48.7045,3.0
1063,45.0,3.0,6.5854,351.3524,-44.1331,3.0
1064,52.5,3.5,6.5854,358.5022,-38.9418,3.0
1065,60.0,4.0,6.5854,4.5398,-33.3042,3.0
1066,67.5,4.5,6.5854,9.7257,-27.3451,4.5
1067,75.0,5.0,6.5854,14.2736,-21.1529,8.4
1068,82.5,5.5,6.5854,18.3534,-14.7913,15.9
1069,90.0,6.0,6.5854,22.1006,-8.3069,30.5
1070,97.5,6.5,6.5854,25.627,-1.7355,79.8
1071,105.0,7.0,6.5854,29.0295,4.8942,47.2
1072,112.5,7.5,6.5854,32.3991,11.5576,22.0
1073,120.0,8.0,6.5854,35.8285,18.2315,11.3
1074,127.5,8.5,6.5854,39.4223,24.8916,5.8
1075,135.0,9.0,6.5854,43.3096,31.5096,3.0
1076,142.5,9.5,6.5854,47.6627,38.0488,3.0
1077,150.0,10.0,6.5854,52.7277,44.4569,3.0
1078,157.5,10.5,6.5854,58.8728,50.6533,3.0
1079,165.0,11.0,6.5854,66.6654,56.5054,3.0
1080,172.5,11.5,6.5854,76.9604,61.7847,4.7
1081,180.0,12.0,6.5854,90.8623,66.0973,4.1
1082,187.5,12.5,6.5854,109.0404,68.835,3.8
1083,195.0,13.0,6.5854,129.9733,69.3566,3.8
1084,202.5,13.5,6.5854,149.7074,67.5067,3.9
1085,210.0,14.0,6.5854,165.4431,63.7849,4.4
1086,217.5,14.5,6.5854,177.148,58.8597,3.0
1087,225.0,15.0,6.5854,185.8909,53.2176,3.0
1088,232.5,15.5,6.5854,192.6587,47.1484,3.0
1089,240.0,16.0,6.5854,198.1326,40.819,3.0
1090,247.5,16.5,6.5854,202.7554,34.3284,3.0
1091,255.0,17.0,6.5854,206.8181,27.739,4.4
1092,262.5,17.5,6.5854,210.52,21.0932,8.5
1093,270.0,18.0,6.5854,214.0061,14.4221,16.5
1094,277.5,18.5,6.5854,217.3895,7.7513,32.2
1095,285.0,19.0,6.5854,220.7668,1.1043,62.7
1096,292.5,19.5,6.5854,224.2287,-5.4954,40.4
1097,300.0,20.0,6.5854,227.8686,-12.021,21.0
1098,307.5,20.5,6.5854,231.7906,-18.4402,11.1
1099,315.0,21.0,6.5854,236.119,-24.7118,5.9
1100,322.5,21.5,6.5854,241.0077,-30.7801,3.2
1101,330.0,22.0,6.5854,246.6505,-36.5686,3.0
1102,337.5,22.5,6.5854,253.2884,-41.9696,3.0
1103,345.0,23.0,6.5854,261.2018,-46.8319,3.0
1104,352.5,23.5,6.5854,270.6618,-50.9494,3.0
1105,0.0,0.0,10.9756,284.1014,-49.9052,3.0
1106,7.5,0.5,10.9756,295.4535,-51.5429,3.0
1107,15.0,1.0,10.9756,307.3342,-51.8396,3.0
1108,22.5,1.5,10.9756,318.9975,-50.7647,3.0
1109,30.0,2.0,10.9756,329.7805,-48.425,3.0
1110,37.5,2.5,10.9756,339.3137,-45.0185,3.0
1111,45.0,3.0,10.9756,347.5293,-40.7677,3.0
1112,52.5,3.5,10.9756,354.5478,-35.8733,3.0
1113,60.0,4.0,10.9756,0.5634,-30.4964,3.3
1114,67.5,4.5,10.9756,5.7759,-24.7591,5.9
1115,75.0,5.0,10.9756,10.3628,-18.752,10.7
1116,82.5,5.5,10.9756,14.4729,-12.542,20.0
1117,90.0,6.0,10.9756,18.2293,-6.1792,37.7
1118,97.5,6.5,10.9756,21.7358,0.2984,111.0
1119,105.0,7.0,10.9756,25.0832,6.8603,35.3
1120,112.5,7.5,10.9756,28.3565,13.4815,18.2
1121,120.0,8.0,10.9756,31.6418,20.1398,9.3
1122,127.5,8.5,10.9756,35.0355,26.8133,4.8
1123,135.0,9.0,10.9756,38.6565,33.4786,3.0
1124,142.5,9.5,10.9756,42.6658,40.1068,3.0
1125,150.0,10.0,10.9756,47.2999,46.6576,3.0
1126,157.5,10.5,10.9756,52.9324,53.0688,3.0
1127,165.0,11.0,10.9756,60.19,59.2334,3.0
1128,172.5,11.5,10.9756,70.1603,64.9504,4.2
1129,180.0,12.0,10.9756,84.6349,69.8195,3.7
1130,187.5,12.5,10.9756,105.5688,73.0785,3.5
1131,195.0,13.0,10.9756,131.4488,73.7223,3.5
1132,202.5,13.5,10.9756,155.0933,71.475,3.6
1133,210.0,14.0,10.9756,172.1729,67.1786,4.0
1134,217.5,14.5,10.9756,183.8138,61.759,4.7
1135,225.0,15.0,10.9756,192.0656,55.7535,3.0
1136,232.5,15.5,10.9756,198.2979,49.4312,3.0
1137,240.0,16.0,10.9756,203.3036,42.9308,3.0
1138,247.5,16.5,10.9756,207.5459,36.33,3.0
1139,255.0,17.0,10.9756,211.3104,29.6766,3.6
1140,262.5,17.5,10.9756,214.7852,23.0034,7.0
1141,270.0,18.0,10.9756,218.1043,16.3359,13.7
1142,277.5,18.5,10.9756,221.3718,9.6962,26.5
1143,285.0,19.0,10.9756,224.6771,3.1059,51.3
1144,292.5,19.5,10.9756,228.1047,-3.4112,49.8
1145,300.0,20.0,10.9756,231.742,-9.8274,26.2
1146,307.5,20.5,10.9756,235.6865,-16.1083,14.0
1147,315.0,21.0,10.9756,240.0521,-22.2096,7.6
1148,322.5,21.5,10.9756,244.9761,-28.0722,4.2
1149,330.0,22.0,10.9756,250.6235,-33.6167,3.0
1150,337.5,22.5,10.9756,257.1864,-38.7355,3.0
1151,345.0,23.0,10.9756,264.867,-43.285,3.0
1152,352.5,23.5,10.9756,273.8289,-47.0805,3.0
1153,0.0,0.0,15.3659,286.0334,-45.7107,3.0
1154,7.5,0.5,15.3659,296.3162,-47.1886,3.0
1155,15.0,1.0,15.3659,306.9852,-47.4551,3.0
1156,22.5,1.5,15.3659,317.4962,-46.4878,3.0
1157,30.0,2.0,15.3659,327.3549,-44.3653,3.0
1158,37.5,2.5,15.3659,336.2506,-41.2391,3.0
1159,45.0,3.0,15.3659,344.0808,-37.2885,3.0
1160,52.5,3.5,15.3659,350.8939,-32.685,3.0
1161,60.0,4.0,15.3659,356.8145,-27.5747,4.4
1162,67.5,4.5,15.3659,1.9902,-22.0739,7.7
1163,75.0,5.0,15.3659,6.5635,-16.2722,13.8
1164,82.5,5.5,15.3659,10.6603,-10.2381,25.1
1165,90.0,6.0,15.3659,14.3892,-4.0237,53.5
1166,97.5,6.5,15.3659,17.8431,2.3309,71.0
1167,105.0,7.0,15.3659,21.1044,8.7939,29.1
1168,112.5,7.5,15.3659,24.2494,15.3398,15.1
1169,120.0,8.0,15.3659,27.3544,21.9468,7.8
1170,127.5,8.5,15.3659,30.503,28.5953,4.0
1171,135.0,9.0,15.3659,33.7973,35.266,3.0
1172,142.5,9.5,15.3659,37.375,41.9372,3.0
1173,150.0,10.0,15.3659,41.4422,48.5808,3.0
1174,157.5,10.5,15.3659,46.3379,55.155,3.0
1175,165.0,11.0,15.3659,52.6745,61.5864,4.7
1176,172.5,11.5,15.3659,61.6666,67.7272,3.9
1177,180.0,12.0,15.3659,75.8722,73.2313,3.5
1178,187.5,12.5,15.3659,99.8942,77.226,3.4
1179,195.0,13.0,15.3659,133.966,78.0705,3.3
1180,202.5,13.5,15.3659,163.1816,75.2132,3.4
1181,210.0,14.0,15.3659,180.9638,70.2008,3.7
1182,217.5,14.5,15.3659,191.7619,64.271,4.3
1183,225.0,15.0,15.3659,199.0344,57.9389,3.0
1184,232.5,15.5,15.3659,204.4492,51.4142,3.0
1185,240.0,16.0,15.3659,208.819,44.794,3.0
1186,247.5,16.5,15.3659,212.5758,38.1306,3.0
1187,255.0,17.0,15.3659,215.9719,31.4568,3.0
1188,262.5,17.5,15.3659,219.169,24.7963,5.9
1189,270.0,18.0,15.3659,222.2817,18.1691,11.4
1190,277.5,18.5,15.3659,225.3999,11.5945,22.0
1191,285.0,19.0,15.3659,228.6021,5.0931,42.1
1192,292.5,19.5,15.3659,231.9637,-1.3115,61.4
1193,300.0,20.0,15.3659,235.5639,-7.5904,32.8
1194,307.5,20.5,15.3659,239.4905,-13.7075,17.8
1195,315.0,21.0,15.3659,243.845,-19.6163,9.8
1196,322.5,21.5,15.3659,248.7455,-25.2558,5.6
1197,330.0,22.0,15.3659,254.3282,-30.5463,3.3
1198,337.5,22.5,15.3659,260.7407,-35.3835,3.0
1199,345.0,23.0,15.3659,268.1225,-39.634,3.0
1200,352.5,23.5,15.3659,276.5629,-43.1362,3.0
1201,0.0,0.0,19.7561,287.6945,-41.4882,3.0
1202,7.5,0.5,19.7561,297.0478,-42.8289,3.0
1203,15.0,1.0,19.7561,306.6901,-43.0698,3.0
1204,22.5,1.5,19.7561,316.2146,-42.1941,3.0
1205,30.0,2.0,19.7561,325.2456,-40.261,3.0
1206,37.5,2.5,19.7561,333.5257,-37.3875,3.0
1207,45.0,3.0,19.7561,340.9412,-33.7181,3.0
1208,52.5,3.5,19.7561,347.4958,-29.3982,3.7
1209,60.0,4.0,19.7561,353.2632,-24.5577,6.0
1210,67.5,4.5,19.7561,358.3479,-19.3049,10.2
1211,75.0,5.0,19.7561,2.8602,-13.7264,17.7
1212,82.5,5.5,19.7561,6.9033,-7.8905,31.8
1213,90.0,6.0,19.7561,10.5694,-1.8503,78.0
1214,97.5,6.5,19.7561,13.9393,4.3526,51.0
1215,105.0,7.0,19.7561,17.0844,10.6853,24.0
1216,112.5,7.5,19.7561,20.0702,17.1216,12.6
1217,120.0,8.0,19.7561,22.9602,23.6398,6.6
1218,127.5,8.5,19.7561,25.8213,30.2217,3.4
1219,135.0,9.0,19.7561,28.7318,36.8508,3.0
1220,142.5,9.5,19.7561,31.7945,43.5111,3.0
1221,150.0,10.0,19.7561,35.1618,50.1848,3.0
1222,157.5,10.5,19.7561,39.0888,56.8484,3.0
1223,165.0,11.0,19.7561,44.0615,63.4638,4.4
1224,172.5,11.5,19.7561,51.1555,69.9522,3.7
1225,180.0,12.0,19.7561,63.2333,76.1022,3.4
1226,187.5,12.5,19.7561,89.1228,81.1416,3.2
1227,195.0,13.0,19.7561,139.2867,82.3713,3.2
1228,202.5,13.5,19.7561,176.1322,78.4943,3.3
1229,210.0,14.0,19.7561,192.433,72.6558,3.6
1230,217.5,14.5,19.7561,201.1196,66.2715,4.1
1231,225.0,15.0,19.7561,206.8115,59.6968,3.0
1232,232.5,15.5,19.7561,211.1061,53.0478,3.0
1233,240.0,16.0,19.7561,214.6733,46.3749,3.0
1234,247.5,16.5,19.7561,217.8437,39.7065,3.0
1235,255.0,17.0,19.7561,220.8048,33.062,3.0
1236,262.5,17.5,19.7561,223.6765,26.4579,5.0
1237,270.0,18.0,19.7561,226.5455,19.9103,9.6
1238,277.5,18.5,19.7561,229.4823,13.4364,18.3
1239,285.0,19.0,19.7561,232.5513,7.0563,34.6
1240,292.5,19.5,19.7561,235.8163,0.7942,64.7
1241,300.0,20.0,19.7561,239.346,-5.3204,41.1
1242,307.5,20.5,19.7561,243.2167,-11.2498,22.7
1243,315.0,21.0,19.7561,247.5156,-16.9461,12.9
1244,322.5,21.5,19.7561,252.3414,-22.3482,7.5
1245,330.0,22.0,19.7561,257.8022,-27.3776,4.5
1246,337.5,22.5,19.7561,264.0073,-31.9357,3.0
1247,345.0,23.0,19.7561,271.0478,-35.9014,3.0
1248,352.5,23.5,19.7561,278.9628,-39.1348,3.0
1249,0.0,0.0,24.1463,289.1515,-37.2447,3.0
1250,7.5,0.5,24.1463,297.6827,-38.4651,3.0
1251,15.0,1.0,24.1463,306.4344,-38.6838,3.0
1252,22.5,1.5,24.1463,315.0966,-37.888,3.0
1253,30.0,2.0,24.1463,323.379,-36.1228,3.0
1254,37.5,2.5,24.1463,331.0692,-33.4795,3.0
1255,45.0,3.0,24.1463,338.055,-30.0747,3.5
1256,52.5,3.5,24.1463,344.3131,-26.0307,5.2
1257,60.0,4.0,24.1463,349.8809,-21.4615,8.2
1258,67.5,4.5,24.1463,354.8284,-16.4661,13.5
1259,75.0,5.0,24.1463,359.2372,-11.1266,23.0
1260,82.5,5.5,24.1463,3.189,-5.5097,40.3
1261,90.0,6.0,24.1463,6.759,0.3314,110.1
1262,97.5,6.5,24.1463,10.0145,6.3541,37.1
1263,105.0,7.0,24.1463,13.0146,12.5248,20.0
1264,112.5,7.5,24.1463,15.8121,18.816,10.7
1265,120.0,8.0,24.1463,18.4553,25.2059,5.6
1266,127.5,8.5,24.1463,20.9907,31.6763,3.0
1267,135.0,9.0,24.1463,23.4675,38.212,3.0
1268,142.5,9.5,24.1463,25.9432,44.8,3.0
1269,150.0,10.0,24.1463,28.4961,51.4285,3.0
1270,157.5,10.5,24.1463,31.2505,58.0858,3.0
1271,165.0,11.0,24.1463,34.4419,64.7585,4.2
1272,172.5,11.5,24.1463,38.6188,71.4257,3.6
1273,180.0,12.0,24.1463,45.5041,78.0358,3.3
1274,187.5,12.5,24.1463,64.4302,84.3232,3.2
1275,195.0,13.0,24.1463,157.3108,86.4483,3.1
1276,202.5,13.5,24.1463,197.1294,80.8147,3.2
1277,210.0,14.0,24.1463,206.823,74.2754,3.5
1278,217.5,14.5,24.1463,211.8046,67.6225,3.9
1279,225.0,15.0,24.1463,215.3181,60.9487,4.8
1280,232.5,15.5,24.1463,218.2204,54.2829,3.0
1281,240.0,16.0,24.1463,220.8403,47.6406,3.0
1282,247.5,16.5,24.1463,223.3377,41.0338,3.0
1283,255.0,17.0,24.1463,225.8061,34.4742,3.0
1284,262.5,17.5,24.1463,228.3101,27.9741,4.3
1285,270.0,18.0,24.1463,230.9013,21.5476,8.1
1286,277.5,18.5,24.1463,233.6268,15.2116,15.3
1287,285.0,19.0,24.1463,236.5338,8.9862,28.5
1288,292.5,19.5,24.1463,239.6728,2.8962,52.4
1289,300.0,20.0,24.1463,243.1001,-3.0275,51.7
1290,307.5,20.5,24.1463,246.8793,-8.7465,29.2
1291,315.0,21.0,24.1463,251.0823,-14.2123,16.9
1292,322.5,21.5,24.1463,255.7883,-19.3645,10.1
1293,330.0,22.0,24.1463,261.0802,-24.1278,6.3
1294,337.5,22.5,24.1463,267.035,-28.4104,4.1
1295,345.0,23.0,24.1463,273.7071,-32.1042,3.0
1296,352.5,23.5,24.1463,281.103,-35.0894,3.0
1297,0.0,0.0,28.5366,290.4527,-32.9852,3.0
1298,7.5,0.5,28.5366,298.245,-34.0983,3.0
1299,15.0,1.0,28.5366,306.2083,-34.2973,3.0
1300,22.5,1.5,28.5366,314.1024,-33.5725,3.0
1301,30.0,2.0,28.5366,321.7001,-31.9586,3.0
1302,37.5,2.5,28.5366,328.8262,-29.5272,3.7
1303,45.0,3.0,28.5366,335.3756,-26.3727,5.0
1304,52.5,3.5,28.5366,341.3099,-22.5973,7.3
1305,60.0,4.0,28.5366,346.641,-18.3001,11.2
1306,67.5,4.5,28.5366,351.4115,-13.5702,18.0
1307,75.0,5.0,28.5366,355.6789,-8.4842,30.0
1308,82.5,5.5,28.5366,359.5045,-3.1061,61.9
1309,90.0,6.0,28.5366,2.9469,2.5115,68.7
1310,97.5,6.5,28.5366,6.0593,8.3259,30.4
1311,105.0,7.0,28.5366,8.8874,14.3022,16.7
1312,112.5,7.5,28.5366,11.47,20.412,9.1
1313,120.0,8.0,28.5366,13.8383,26.6322,4.9
1314,127.5,8.5,28.5366,16.0166,32.9434,3.0
1315,135.0,9.0,28.5366,18.021,39.3298,3.0
1316,142.5,9.5,28.5366,19.8579,45.7776,3.0
1317,150.0,10.0,28.5366,21.5191,52.2752,3.0
1318,157.5,10.5,28.5366,22.9702,58.812,3.0
1319,165.0,11.0,28.5366,24.119,65.3781,4.2
1320,172.5,11.5,28.5366,24.7138,71.9624,3.6
1321,180.0,12.0,28.5366,23.8897,78.547,3.3
1322,187.5,12.5,28.5366,16.1426,85.0563,3.2
1323,195.0,13.0,28.5366,251.0775,87.6408,3.1
1324,202.5,13.5,28.5366,225.5451,81.3617,3.2
1325,210.0,14.0,28.5366,223.2258,74.7901,3.5
1326,217.5,14.5,28.5366,223.3957,68.2026,3.9
1327,225.0,15.0,28.5366,224.3547,61.6271,4.7
1328,232.5,15.5,28.5366,225.6929,55.0765,3.0
1329,240.0,16.0,28.5366,227.2704,48.5609,3.0
1330,247.5,16.5,28.5366,229.0341,42.0903,3.0
1331,255.0,17.0,28.5366,230.9665,35.6761,3.0
1332,262.5,17.5,28.5366,233.0686,29.3308,3.7
1333,270.0,18.0,28.5366,235.3529,23.0693,7.0
1334,277.5,18.5,28.5366,237.8401,16.9096,12.9
1335,285.0,19.0,28.5366,240.5585,10.8728,23.6
1336,292.5,19.5,28.5366,243.5437,4.9851,42.5
1337,300.0,20.0,28.5366,246.8384,-0.7217,65.1
1338,307.5,20.5,28.5366,250.4926,-6.2084,57.6
1339,315.0,21.0,28.5366,254.5629,-11.4269,22.3
1340,322.5,21.5,28.5366,259.1101,-16.3183,13.7
1341,330.0,22.0,28.5366,264.1941,-20.8114,8.7
1342,337.5,22.5,28.5366,269.8659,-24.8225,5.8
1343,345.0,23.0,28.5366,276.1526,-28.256,4.1
1344,352.5,23.5,28.5366,283.0398,-31.0101,3.2
1345,0.0,0.0,32.9268,291.6337,-28.7136,4.0
1346,7.5,0.5,32.9268,298.7521,-29.7292,3.6
1347,15.0,1.0,32.9268,306.0047,-29.9105,3.5
1348,22.5,1.5,32.9268,313.2031,-29.2498,3.8
1349,30.0,2.0,32.9268,320.1675,-27.7742,4.4
1350,37.5,2.5,32.9268,326.7528,-25.5402,5.4
1351,45.0,3.0,32.9268,332.8637,-22.624,7.3
1352,52.5,3.5,32.9268,338.454,-19.1109,10.4
1353,60.0,4.0,32.9268,343.5181,-15.0861,15.5
1354,67.5,4.5,32.9268,348.0776,-10.629,24.2
1355,75.0,5.0,32.9268,352.1695,-5.81,39.2
1356,82.5,5.5,32.9268,355.8367,-0.6898,100.7
1357,90.0,6.0,32.9268,359.1222,4.6805,48.7
1358,97.5,6.5,32.9268,2.0645,10.2581,25.1
1359,105.0,7.0,32.9268,4.6958,16.0073,14.1
1360,112.5,7.5,32.9268,7.0401,21.8982,7.8
1361,120.0,8.0,32.9268,9.1111,27.9057,4.3
1362,127.5,8.5,32.9268,10.9097,34.0081,3.0
1363,135.0,9.0,32.9268,12.4188,40.1862,3.0
1364,142.5,9.5,32.9268,13.5932,46.422,3.0
1365,150.0,10.0,32.9268,14.3399,52.6974,3.0
1366,157.5,10.5,32.9268,14.4717,58.9908,3.0
1367,165.0,11.0,32.9268,13.5937,65.2715,4.2
1368,172.5,11.5,32.9268,10.7684,71.4804,3.6
1369,180.0,12.0,32.9268,3.2974,77.4606,3.3
1370,187.5,12.5,32.9268,341.2885,82.5761,3.2
1371,195.0,13.0,32.9268,286.7354,83.913,3.2
1372,202.5,13.5,32.9268,251.0652,79.8447,3.3
1373,210.0,14.0,32.9268,239.4394,74.0922,3.5
1374,217.5,14.5,32.9268,235.1528,67.9506,3.9
1375,225.0,15.0,32.9268,233.6096,61.6905,4.7
1376,232.5,15.5,32.9268,233.376,55.3977,3.0
1377,240.0,16.0,32.9268,233.8899,49.1116,3.0
1378,247.5,16.5,32.9268,234.8962,42.8565,3.0
1379,255.0,17.0,32.9268,236.2693,36.6515,3.0
1380,262.5,17.5,32.9268,237.947,30.5144,3.3
1381,270.0,18.0,32.9268,239.9019,24.4637,6.1
1382,277.5,18.5,32.9268,242.1279,18.5199,11.0
1383,285.0,19.0,32.9268,244.6337,12.7065,19.6
1384,292.5,19.5,32.9268,247.439,7.0512,34.6
1385,300.0,20.0,32.9268,250.5728,1.5872,79.7
1386,307.5,20.5,32.9268,254.0711,-3.6462,68.6
1387,315.0,21.0,32.9268,257.9754,-8.6013,49.6
1388,322.5,21.5,32.9268,262.3291,-13.2218,18.7
1389,330.0,22.0,32.9268,267.1728,-17.4414,12.2
1390,337.5,22.5,32.9268,272.5361,-21.1843,8.4
1391,345.0,23.0,32.9268,278.4265,-24.3673,6.1
1392,352.5,23.5,32.9268,284.8169,-26.9041,4.7
1393,0.0,0.0,37.3171,292.7217,-24.4324,6.1
1394,7.5,0.5,37.3171,299.2167,-25.3583,5.5
1395,15.0,1.0,37.3171,305.8183,-25.5233,5.5
1396,22.5,1.5,37.3171,312.377,-24.9215,5.8
1397,30.0,2.0,37.3171,318.7487,-23.5741,6.6
1398,37.5,2.5,37.3171,324.8136,-21.5258,8.1
1399,45.0,3.0,37.3171,330.4859,-18.8383,10.6
1400,52.5,3.5,37.3171,335.7169,-15.5823,14.7
1401,60.0,4.0,37.3171,340.4889,-11.8306,21.4
1402,67.5,4.5,37.3171,344.8077,-7.6533,32.6
1403,75.0,5.0,37.3171,348.6934,-3.1144,61.8
1404,82.5,5.5,37.3171,352.1727,1.7294,79.9
1405,90.0,6.0,37.3171,355.2737,6.8286,35.4
1406,97.5,6.5,37.3171,358.0213,12.1409,20.8
1407,105.0,7.0,37.3171,0.4339,17.6298,12.0
1408,112.5,7.5,37.3171,2.5208,23.2636,6.8
1409,120.0,8.0,37.3171,4.2788,29.0144,3.8
1410,127.5,8.5,37.3171,5.6866,34.8568,3.0
1411,135.0,9.0,37.3171,6.6968,40.7665,3.0
1412,142.5,9.5,37.3171,7.2199,46.7176,3.0
1413,150.0,10.0,37.3171,7.094,52.6802,3.0
1414,157.5,10.5,37.3171,6.0221,58.6128,3.0
1415,165.0,11.0,37.3171,3.431,64.4479,4.3
1416,172.5,11.5,37.3171,358.133,70.0537,3.7
1417,180.0,12.0,37.3171,347.5137,75.1227,3.4
1418,187.5,12.5,37.3171,326.5294,78.8534,3.3
1419,195.0,13.0,37.3171,294.413,79.6524,3.3
1420,202.5,13.5,37.3171,267.7381,76.9655,3.4
1421,210.0,14.0,37.3171,253.401,72.3248,3.6
1422,217.5,14.5,37.3171,246.2691,66.8938,4.0
1423,225.0,15.0,37.3171,242.7186,61.1347,4.8
1424,232.5,15.5,37.3171,241.0894,55.2332,3.0
1425,240.0,16.0,37.3171,240.6054,49.2774,3.0
1426,247.5,16.5,37.3171,240.8757,43.3172,3.0
1427,255.0,17.0,37.3171,241.6911,37.3864,3.0
1428,262.5,17.5,37.3171,242.9361,31.5122,3.0
1429,270.0,18.0,37.3171,244.5476,25.719,5.3
1430,277.5,18.5,37.3171,246.4947,20.0317,9.4
1431,285.0,19.0,37.3171,248.767,14.4771,16.5
1432,292.5,19.5,37.3171,251.369,9.0848,48.2
1433,300.0,20.0,37.3171,254.3156,3.8893,67.4
1434,307.5,20.5,37.3171,257.6292,-1.0698,82.9
1435,315.0,21.0,37.3171,261.337,-5.7461,59.4
1436,322.5,21.5,37.3171,265.4669,-10.086,25.5
1437,330.0,22.0,37.3171,270.0427,-14.0286,17.2
1438,337.5,22.5,37.3171,275.0772,-17.5062,12.2
1439,345.0,23.0,37.3171,280.5641,-20.4467,9.1
1440,352.5,23.5,37.3171,286.4688,-22.7776,7.2
1441,0.0,0.0,41.7073,293.7381,-20.144,9.3
1442,7.5,0.5,41.7073,299.6489,-20.9861,8.6
1443,15.0,1.0,41.7073,305.6451,-21.136,8.5
1444,22.5,1.5,41.7073,311.6069,-20.589,8.9
1445,30.0,2.0,41.7073,317.4182,-19.362,10.1
1446,37.5,2.5,41.7073,322.979,-17.4903,12.2
1447,45.0,3.0,41.7073,328.2135,-15.0238,15.6
1448,52.5,3.5,41.7073,333.0727,-12.021,21.0
1449,60.0,4.0,41.7073,337.5314,-8.5438,29.8
1450,67.5,4.5,41.7073,341.5834,-4.6534,48.8
1451,75.0,5.0,41.7073,345.235,-0.4074,108.0
1452,82.5,5.5,41.7073,348.4993,4.1414,52.6
1453,90.0,6.0,41.7073,351.3908,8.946,28.6
1454,97.5,6.5,41.7073,353.9214,13.9643,17.3
1455,105.0,7.0,41.7073,356.0968,19.1592,10.3
1456,112.5,7.5,41.7073,357.9126,24.497,6.0
1457,120.0,8.0,41.7073,359.3501,29.9467,3.5
1458,127.5,8.5,41.7073,0.3694,35.4781,3.0
1459,135.0,9.0,41.7073,0.8992,41.06,3.0
1460,142.5,9.5,41.7073,0.8188,46.6571,3.0
1461,150.0,10.0,41.7073,359.9259,52.2244,3.0
1462,157.5,10.5,41.7073,357.8783,57.6976,3.0
1463,165.0,11.0,41.7073,354.083,62.9729,4.5
1464,172.5,11.5,41.7073,347.5073,67.8642,3.9
1465,180.0,12.0,41.7073,336.4873,72.0149,3.6
1466,187.5,12.5,41.7073,319.3293,74.7738,3.5
1467,195.0,13.0,41.7073,297.6167,75.3158,3.4
1468,202.5,13.5,41.7073,277.9487,73.4192,3.5
1469,210.0,14.0,41.7073,264.4244,69.7665,3.8
1470,217.5,14.5,41.7073,256.1809,65.1348,4.2
1471,225.0,15.0,41.7073,251.353,59.9943,3.0
1472,232.5,15.5,41.7073,248.6483,54.5899,3.0
1473,240.0,16.0,41.7073,247.3131,49.0534,3.0
1474,247.5,16.5,41.7073,246.9151,43.4627,3.0
1475,255.0,17.0,41.7073,247.2016,37.8696,3.0
1476,262.5,17.5,41.7073,248.0219,32.3125,3.0
1477,270.0,18.0,41.7073,249.2863,26.8241,4.8
1478,277.5,18.5,41.7073,250.9432,21.4345,8.2
1479,285.0,19.0,41.7073,252.9655,16.1744,13.9
1480,292.5,19.5,41.7073,255.3434,11.0759,23.1
1481,300.0,20.0,41.7073,258.0788,6.1748,57.8
1482,307.5,20.5,41.7073,261.1813,1.5107,80.2
1483,315.0,21.0,41.7073,264.665,-2.8714,72.5
1484,322.5,21.5,41.7073,268.5439,-6.9212,55.0
1485,330.0,22.0,41.7073,272.8279,-10.5831,24.3
1486,337.5,22.5,41.7073,277.517,-13.7971,17.6
1487,345.0,23.0,41.7073,282.5949,-16.5013,13.4
1488,352.5,23.5,41.7073,288.0234,-18.635,10.9
1489,0.0,0.0,46.0976,294.7001,-15.8501,14.3
1490,7.5,0.5,46.0976,300.0564,-16.6128,13.3
1491,15.0,1.0,46.0976,305.4819,-16.7484,13.1
1492,22.5,1.5,46.0976,310.8796,-16.2533,13.8
1493,30.0,2.0,46.0976,316.1549,-15.1407,15.4
1494,37.5,2.5,46.0976,321.2243,-13.4386,18.3
1495,45.0,3.0,46.0976,326.0212,-11.1875,22.9
1496,52.5,3.5,46.0976,330.4979,-8.4355,30.1
1497,60.0,4.0,46.0976,334.6246,-5.2349,41.5
1498,67.5,4.5,46.0976,338.3865,-1.6389,81.5
1499,75.0,5.0,46.0976,341.7791,2.3011,71.4
1500,82.5,5.5,46.0976,344.8036,6.5364,36.4
1501,90.0,6.0,46.0976,347.4629,11.0224,23.2
1502,97.5,6.5,46.0976,349.7574,15.718,14.5
1503,105.0,7.0,46.0976,351.6813,20.585,8.9
1504,112.5,7.5,46.0976,353.2185,25.588,5.4
1505,120.0,8.0,46.0976,354.3376,30.6924,3.3
1506,127.5,8.5,46.0976,354.9854,35.863,3.0
1507,135.0,9.0,46.0976,355.0756,41.0613,3.0
1508,142.5,9.5,46.0976,354.4736,46.2419,3.0
1509,150.0,10.0,46.0976,352.9696,51.3458,3.0
1510,157.5,10.5,46.0976,350.2392,56.2895,3.0
1511,165.0,11.0,46.0976,345.7882,60.9461,4.8
1512,172.5,11.5,46.0976,338.9108,65.1129,4.2
1513,180.0,12.0,46.0976,328.7982,68.4682,3.9
1514,187.5,12.5,46.0976,315.1543,70.5607,3.7
1515,195.0,13.0,46.0976,299.3795,70.9549,3.7
1516,202.5,13.5,46.0976,284.5194,69.55,3.8
1517,210.0,14.0,46.0976,272.8563,66.6762,4.0
1518,217.5,14.5,46.0976,264.6822,62.81,4.5
1519,225.0,15.0,46.0976,259.2882,58.3329,3.0
1520,232.5,15.5,46.0976,255.8918,53.4933,3.0
1521,240.0,16.0,46.0976,253.9097,48.446,3.0
1522,247.5,16.5,46.0976,252.9518,43.29,3.0
1523,255.0,17.0,46.0976,252.7651,38.0931,3.0
1524,262.5,17.5,46.0976,253.1865,32.9056,3.0
1525,270.0,18.0,46.0976,254.1115,27.7684,4.4
1526,277.5,18.5,46.0976,255.4742,22.7177,7.2
1527,285.0,19.0,46.0976,257.2348,17.788,11.8
1528,292.5,19.5,46.0976,259.3714,13.0143,19.0
1529,300.0,20.0,46.0976,261.8744,8.4336,50.1
1530,307.5,20.5,46.0976,264.7419,4.0854,66.5
1531,315.0,21.0,46.0976,267.9762,0.0129,89.9
1532,322.5,21.5,46.0976,271.5797,-3.7369,48.2
1533,330.0,22.0,46.0976,275.5509,-7.1136,34.4
1534,337.5,22.5,46.0976,279.8801,-10.0647,25.6
1535,345.0,23.0,46.0976,284.5442,-12.5371,20.0
1536,352.5,23.5,46.0976,289.5038,-14.4803,16.5
1537,0.0,0.0,50.4878,295.6219,-11.5521,22.0
1538,7.5,0.5,50.4878,300.4457,-12.2388,20.6
1539,15.0,1.0,50.4878,305.326,-12.3608,20.3
1540,22.5,1.5,50.4878,310.1836,-11.9153,21.3
1541,30.0,2.0,50.4878,314.9411,-10.9126,23.5
1542,37.5,2.5,50.4878,319.5282,-9.3753,27.4
1543,45.0,3.0,50.4878,323.8864,-7.3357,33.6
1544,52.5,3.5,50.4878,327.9706,-4.8335,43.2
1545,60.0,4.0,50.4878,331.7485,-1.9127,77.0
1546,67.5,4.5,50.4878,335.1992,1.3807,86.0
1547,75.0,5.0,50.4878,338.3099,5.0012,42.5
1548,82.5,5.5,50.4878,341.0725,8.9042,28.7
1549,90.0,6.0,50.4878,343.4799,13.0477,19.0
1550,97.5,6.5,50.4878,345.5228,17.3913,12.3
1551,105.0,7.0,50.4878,347.186,21.8968,7.8
1552,112.5,7.5,50.4878,348.4441,26.5266,4.9
1553,120.0,8.0,50.4878,349.2575,31.243,3.1
1554,127.5,8.5,50.4878,349.5654,36.0059,3.0
1555,135.0,9.0,50.4878,349.2776,40.7704,3.0
1556,142.5,9.5,50.4878,348.2626,45.4824,3.0
1557,150.0,10.0,50.4878,346.3316,50.0728,3.0
1558,157.5,10.5,50.4878,343.2215,54.4475,3.0
1559,165.0,11.0,50.4878,338.5857,58.4742,3.0
1560,172.5,11.5,50.4878,332.0283,61.965,4.6
1561,180.0,12.0,50.4878,323.2575,64.6665,4.3
1562,187.5,12.5,50.4878,312.4293,66.2853,4.1
1563,195.0,13.0,50.4878,300.5039,66.5834,4.0
1564,202.5,13.5,50.4878,289.0376,65.5106,4.2
1565,210.0,14.0,50.4878,279.3228,63.238,4.4
1566,217.5,14.5,50.4878,271.835,60.0513,5.0
1567,225.0,15.0,50.4878,266.4224,56.2279,3.0
1568,232.5,15.5,50.4878,262.7044,51.9835,3.0
1569,240.0,16.0,50.4878,260.3045,47.4723,3.0
1570,247.5,16.5,50.4878,258.9235,42.8028,3.0
1571,255.0,17.0,50.4878,258.3426,38.0535,3.0
1572,262.5,17.5,50.4878,258.4079,33.284,3.0
1573,270.0,18.0,50.4878,259.0133,28.5425,4.0
1574,277.5,18.5,50.4878,260.0865,23.8709,6.4
1575,285.0,19.0,50.4878,261.5796,19.3074,10.2
1576,292.5,19.5,50.4878,263.4619,14.8897,15.8
1577,300.0,20.0,50.4878,265.7143,10.6555,24.1
1578,307.5,20.5,50.4878,268.3253,6.6442,56.0
1579,315.0,21.0,50.4878,271.2875,2.8972,52.4
1580,322.5,21.5,50.4878,274.5935,-0.5421,66.3
1581,330.0,22.0,50.4878,278.233,-3.6285,48.7
1582,337.5,22.5,50.4878,282.1889,-6.3159,37.2
1583,345.0,23.0,50.4878,286.4343,-8.5592,29.7
1584,352.5,23.5,50.4878,290.9296,-10.3166,24.9
1585,0.0,0.0,54.878,296.5158,-7.2513,33.9
1586,7.5,0.5,54.878,300.8223,-7.8642,31.9
1587,15.0,1.0,54.878,305.1753,-7.973,31.5
1588,22.5,1.5,54.878,309.5096,-7.5755,32.8
1589,30.0,2.0,54.878,313.7614,-6.6799,35.9
1590,37.5,2.5,54.878,317.8714,-5.304,41.2
1591,45.0,3.0,54.878,321.7883,-3.4739,49.5
1592,52.5,3.5,54.878,325.47,-1.2222,61.9
1593,60.0,4.0,54.878,328.8835,1.4142,60.8
1594,67.5,4.5,54.878,332.0038,4.3961,50.7
1595,75.0,5.0,54.878,334.8122,7.6829,32.5
1596,82.5,5.5,54.878,337.2932,11.2344,22.8
1597,90.0,6.0,54.878,339.4321,15.0111,15.6
1598,97.5,6.5,54.878,341.2122,18.9739,10.5
1599,105.0,7.0,54.878,342.6112,23.0844,7.0
1600,112.5,7.5,54.878,343.598,27.3039,4.6
1601,120.0,8.0,54.878,344.1288,31.5919,3.0
1602,127.5,8.5,54.878,344.1426,35.9047,3.0
1603,135.0,9.0,54.878,343.5548,40.1926,3.0
1604,142.5,9.5,54.878,342.2514,44.3965,3.0
1605,150.0,10.0,54.878,340.083,48.4425,3.0
1606,157.5,10.5,54.878,336.8647,52.2359,3.0
1607,165.0,11.0,54.878,332.3904,55.6538,3.0
1608,172.5,11.5,54.878,326.4835,58.5397,3.0
1609,180.0,12.0,54.878,319.104,60.7091,4.9
1610,187.5,12.5,54.878,310.4995,61.976,4.6
1611,195.0,13.0,54.878,301.2907,62.2063,4.6
1612,202.5,13.5,54.878,292.3309,61.3731,4.7
1613,210.0,14.0,54.878,284.3736,59.5699,3.0
1614,217.5,14.5,54.878,277.8263,56.9679,3.0
1615,225.0,15.0,54.878,272.7539,53.7572,3.0
1616,232.5,15.5,54.878,269.0218,50.108,3.0
1617,240.0,16.0,54.878,266.4273,46.1573,3.0
1618,247.5,16.5,54.878,264.7731,42.0111,3.0
1619,255.0,17.0,54.878,263.8941,37.7513,3.0
1620,262.5,17.5,54.878,263.6616,33.4426,3.0
1621,270.0,18.0,54.878,263.9792,29.1383,3.8
1622,277.5,18.5,54.878,264.7766,24.8843,5.8
1623,285.0,19.0,54.878,266.0031,20.7223,8.8
1624,292.5,19.5,54.878,267.6227,16.6913,13.2
1625,300.0,20.0,54.878,269.61,12.8301,19.4
1626,307.5,20.5,54.878,271.9461,9.1771,28.0
1627,315.0,21.0,54.878,274.6157,5.7717,39.3
1628,322.5,21.5,54.878,277.6041,2.6541,53.7
1629,330.0,22.0,54.878,280.8944,-0.1355,69.1
1630,337.5,22.5,54.878,284.4645,-2.5571,54.2
1631,345.0,23.0,54.878,288.2851,-4.5724,44.3
1632,352.5,23.5,54.878,292.3181,-6.1468,37.9
1633,0.0,0.0,59.2683,297.3928,-2.9488,52.1
1634,7.5,0.5,59.2683,301.1911,-3.4893,49.4
1635,15.0,1.0,59.2683,305.0278,-3.5852,48.9
1636,22.5,1.5,59.2683,308.8491,-3.2348,50.7
1637,30.0,2.0,59.2683,312.602,-2.4444,54.8
1638,37.5,2.5,59.2683,316.2364,-1.2284,61.9
1639,45.0,3.0,59.2683,319.7074,0.3924,67.3
1640,52.5,3.5,59.2683,322.9762,2.3914,55.1
1641,60.0,4.0,59.2683,326.0103,4.7376,43.6
1642,67.5,4.5,59.2683,328.7825,7.3976,33.4
1643,75.0,5.0,59.2683,331.2702,10.3359,24.9
1644,82.5,5.5,59.2683,333.4529,13.5162,18.1
1645,90.0,6.0,59.2683,335.3107,16.9016,12.9
1646,97.5,6.5,59.2683,336.8217,20.4549,9.1
1647,105.0,7.0,59.2683,337.9595,24.1381,6.3
1648,112.5,7.5,59.2683,338.691,27.9119,4.3
1649,120.0,8.0,59.2683,338.9731,31.7347,3.0
1650,127.5,8.5,59.2683,338.7501,35.5608,3.0
1651,135.0,9.0,59.2683,337.9513,39.3386,3.0
1652,142.5,9.5,59.2683,336.4887,43.0078,3.0
1653,150.0,10.0,59.2683,334.2589,46.4963,3.0
1654,157.5,10.5,59.2683,331.1503,49.7167,3.0
1655,165.0,11.0,59.2683,327.064,52.5644,3.0
1656,172.5,11.5,59.2683,321.9513,54.9188,3.0
1657,180.0,12.0,59.2683,315.8721,56.6516,3.0
1658,187.5,12.5,59.2683,309.0492,57.6465,3.0
1659,195.0,13.0,59.2683,301.8778,57.8258,3.0
1660,202.5,13.5,59.2683,294.8487,57.1747,3.0
1661,210.0,14.0,59.2683,288.4123,55.746,3.0
1662,217.5,14.5,59.2683,282.8689,53.6428,3.0
1663,225.0,15.0,59.2683,278.3432,50.9913,3.0
1664,232.5,15.5,59.2683,274.8253,47.917,3.0
1665,240.0,16.0,59.2683,272.2319,44.5319,3.0
1666,247.5,16.5,59.2683,270.4534,40.9306,3.0
1667,255.0,17.0,59.2683,269.3814,37.1914,3.0
1668,262.5,17.5,59.2683,268.921,33.3793,3.0
1669,270.0,18.0,59.2683,268.994,29.5492,3.6
1670,277.5,18.5,59.2683,269.5385,25.749,5.3
1671,285.0,19.0,59.2683,270.5065,22.022,7.7
1672,292.5,19.5,59.2683,271.8609,18.4083,11.1
1673,300.0,20.0,59.2683,273.5727,14.9462,15.7
1674,307.5,20.5,59.2683,275.6185,11.6734,21.8
1675,315.0,21.0,59.2683,277.9777,8.6268,29.5
1676,322.5,21.5,59.2683,280.6304,5.8429,39.0
1677,330.0,22.0,59.2683,283.5551,3.3577,50.0
1678,337.5,22.5,59.2683,286.7268,1.2058,62.0
1679,345.0,23.0,59.2683,290.1155,-0.5809,66.0
1680,352.5,23.5,59.2683,293.6849,-1.9736,57.5
1681,0.0,0.0,63.6585,298.263,1.3544,61.1
1682,7.5,0.5,63.6585,301.5564,0.8857,64.1
1683,15.0,1.0,63.6585,304.8817,0.8026,64.6
1684,22.5,1.5,63.6585,308.1943,1.1064,62.7
1685,30.0,2.0,63.6585,311.4499,1.792,58.5
1686,37.5,2.5,63.6585,314.6063,2.8483,52.7
1687,45.0,3.0,63.6585,317.6245,4.2583,45.7
1688,52.5,3.5,63.6585,320.4693,6.0004,38.4
1689,60.0,4.0,63.6585,323.1094,8.0491,31.3
1690,67.5,4.5,63.6585,325.5173,10.3758,24.8
1691,75.0,5.0,63.6585,327.6683,12.9497,19.2
1692,82.5,5.5,63.6585,329.5395,15.7384,14.5
1693,90.0,6.0,63.6585,331.1078,18.7081,10.8
1694,97.5,6.5,63.6585,332.349,21.8237,7.9
1695,105.0,7.0,63.6585,333.236,25.0486,5.7
1696,112.5,7.5,63.6585,333.7366,28.3444,4.1
1697,120.0,8.0,63.6585,333.813,31.6697,3.0
1698,127.5,8.5,63.6585,333.4195,34.9794,3.0
1699,135.0,9.0,63.6585,332.5033,38.2231,3.0
1700,142.5,9.5,63.6585,331.0051,41.3437,3.0
1701,150.0,10.0,63.6585,328.864,44.2757,3.0
1702,157.5,10.5,63.6585,326.026,46.9449,3.0
1703,165.0,11.0,63.6585,322.4602,49.2681,3.0
1704,172.5,11.5,63.6585,318.1812,51.1574,3.0
1705,180.0,12.0,63.6585,313.2736,52.5268,3.0
1706,187.5,12.5,63.6585,307.909,53.3039,3.0
1707,195.0,13.0,63.6585,302.3375,53.4432,3.0
1708,202.5,13.5,63.6585,296.8499,52.9363,3.0
1709,210.0,14.0,63.6585,291.7201,51.8135,3.0
1710,217.5,14.5,63.6585,287.156,50.1373,3.0
1711,225.0,15.0,63.6585,283.2788,47.9894,3.0
1712,232.5,15.5,63.6585,280.1301,45.4582,3.0
1713,240.0,16.0,63.6585,277.6956,42.6293,3.0
1714,247.5,16.5,63.6585,275.9288,39.5812,3.0
1715,255.0,17.0,63.6585,274.7704,36.3829,3.0
1716,262.5,17.5,63.6585,274.1595,33.095,3.0
1717,270.0,18.0,63.6585,274.0401,29.7705,3.6
1718,277.5,18.5,63.6585,274.3638,26.4568,5.0
1719,285.0,19.0,63.6585,275.0892,23.1966,6.9
1720,292.5,19.5,63.6585,276.1819,20.0295,9.4
1721,300.0,20.0,63.6585,277.613,16.9928,12.8
1722,307.5,20.5,63.6585,279.357,14.1222,17.1
1723,315.0,21.0,63.6585,281.3907,11.4521,22.3
1724,322.5,21.5,63.6585,283.6912,9.0154,28.4
1725,330.0,22.0,63.6585,286.2349,6.8437,35.3
1726,337.5,22.5,63.6585,288.9954,4.9667,42.6
1727,345.0,23.0,63.6585,291.9432,3.4113,49.8
1728,352.5,23.5,63.6585,295.0449,2.2008,56.2
1729,0.0,0.0,68.0488,299.1362,5.6573,39.8
1730,7.5,0.5,68.0488,301.9226,5.2607,41.4
1731,15.0,1.0,68.0488,304.7353,5.1904,41.7
1732,22.5,1.5,68.0488,307.5375,5.4474,40.6
1733,30.0,2.0,68.0488,310.2924,6.0277,38.3
1734,37.5,2.5,68.0488,312.9647,6.9226,35.0
1735,45.0,3.0,68.0488,315.5206,8.1184,31.1
1736,52.5,3.5,68.0488,317.9289,9.5979,26.8
1737,60.0,4.0,68.0488,320.1607,11.3398,22.5
1738,67.5,4.5,68.0488,322.1896,13.3203,18.5
1739,75.0,5.0,68.0488,323.9909,15.513,14.8
1740,82.5,5.5,68.0488,325.5409,17.8893,11.7
1741,90.0,6.0,68.0488,326.8166,20.4189,9.1
1742,97.5,6.5,68.0488,327.7939,23.0697,7.0
1743,105.0,7.0,68.0488,328.4477,25.8077,5.3
1744,112.5,7.5,68.0488,328.7503,28.5967,4.0
1745,120.0,8.0,68.0488,328.6715,31.3977,3.0
1746,127.5,8.5,68.0488,328.1786,34.1688,3.0
1747,135.0,9.0,68.0488,327.2372,36.864,3.0
1748,142.5,9.5,68.0488,325.8143,39.4329,3.0
1749,150.0,10.0,68.0488,323.8817,41.8204,3.0
1750,157.5,10.5,68.0488,321.4238,43.9674,3.0
1751,165.0,11.0,68.0488,318.4463,45.8122,3.0
1752,172.5,11.5,68.0488,314.987,47.2933,3.0
1753,180.0,12.0,68.0488,311.1243,48.3548,3.0
1754,187.5,12.5,68.0488,306.9799,48.9524,3.0
1755,195.0,13.0,68.0488,302.7111,49.0592,3.0
1756,202.5,13.5,68.0488,298.4925,48.6702,3.0
1757,210.0,14.0,68.0488,294.4916,47.8032,3.0
1758,217.5,14.5,68.0488,290.847,46.4958,3.0
1759,225.0,15.0,68.0488,287.6559,44.7998,3.0
1760,232.5,15.5,68.0488,284.9726,42.7749,3.0
1761,240.0,16.0,68.0488,282.8155,40.4832,3.0
1762,247.5,16.5,68.0488,281.1767,37.9851,3.0
1763,255.0,17.0,68.0488,280.0325,35.3377,3.0
1764,262.5,17.5,68.0488,279.3514,32.5933,3.0
1765,270.0,18.0,68.0488,279.0989,29.7998,3.6
1766,277.5,18.5,68.0488,279.2417,27.0007,4.7
1767,285.0,19.0,68.0488,279.7483,24.2362,6.2
1768,292.5,19.5,68.0488,280.59,21.5437,8.1
1769,300.0,20.0,68.0488,281.7406,18.9581,10.5
1770,307.5,20.5,68.0488,283.1757,16.5121,13.4
1771,315.0,21.0,68.0488,284.872,14.2371,16.9
1772,322.5,21.5,68.0488,286.8061,12.1621,20.7
1773,330.0,22.0,68.0488,288.954,10.3147,25.0
1774,337.5,22.5,68.0488,291.29,8.7198,29.3
1775,345.0,23.0,68.0488,293.7862,7.3999,33.4
1776,352.5,23.5,68.0488,296.4125,6.374,37.0
1777,0.0,0.0,72.439,300.0226,9.9588,25.9
1778,7.5,0.5,72.439,302.294,9.6355,26.7
1779,15.0,1.0,72.439,304.5868,9.5782,26.9
1780,22.5,1.5,72.439,306.8711,9.7877,26.3
1781,30.0,2.0,72.439,309.1167,10.261,25.1
1782,37.5,2.5,72.439,311.2944,10.9911,23.3
1783,45.0,3.0,72.439,313.3758,11.9676,21.2
1784,52.5,3.5,72.439,315.3341,13.1764,18.7
1785,60.0,4.0,72.439,317.1437,14.6006,16.3
1786,67.5,4.5,72.439,318.7806,16.2205,13.8
1787,75.0,5.0,72.439,320.222,18.014,11.6
1788,82.5,5.5,72.439,321.4462,19.9567,9.5
1789,90.0,6.0,72.439,322.432,22.0224,7.7
1790,97.5,6.5,72.439,323.1583,24.183,6.2
1791,105.0,7.0,72.439,323.6042,26.4082,5.0
1792,112.5,7.5,72.439,323.7487,28.666,4.0
1793,120.0,8.0,72.439,323.5708,30.9221,3.2
1794,127.5,8.5,72.439,323.0505,33.1402,3.0
1795,135.0,9.0,72.439,322.1699,35.2812,3.0
1796,142.5,9.5,72.439,320.9156,37.3041,3.0
1797,150.0,10.0,72.439,319.2815,39.1661,3.0
1798,157.5,10.5,72.439,317.2726,40.8232,3.0
1799,165.0,11.0,72.439,314.9096,42.2323,3.0
1800,172.5,11.5,72.439,312.2323,43.3526,3.0
1801,180.0,12.0,72.439,309.302,44.1489,3.0
1802,187.5,12.5,72.439,306.2002,44.5947,3.0
1803,195.0,13.0,72.439,303.024,44.6741,3.0
1804,202.5,13.5,72.439,299.8777,44.3844,3.0
1805,210.0,14.0,72.439,296.8627,43.7358,3.0
1806,217.5,14.5,72.439,294.0681,42.7507,3.0
1807,225.0,15.0,72.439,291.5641,41.4608,3.0
1808,232.5,15.5,72.439,289.3996,39.905,3.0
1809,240.0,16.0,72.439,287.6032,38.1255,3.0
1810,247.5,16.5,72.439,286.1861,36.1663,3.0
1811,255.0,17.0,72.439,285.1464,34.0708,3.0
1812,262.5,17.5,72.439,284.4735,31.881,3.0
1813,270.0,18.0,72.439,284.151,29.6366,3.6
1814,277.5,18.5,72.439,284.1596,27.3752,4.5
1815,285.0,19.0,72.439,284.4787,25.1319,5.7
1816,292.5,19.5,72.439,285.0873,22.9398,7.1
1817,300.0,20.0,72.439,285.9642,20.8298,8.7
1818,307.5,20.5,72.439,287.0887,18.831,10.6
1819,315.0,21.0,72.439,288.4395,16.9704,12.8
1820,322.5,21.5,72.439,289.9953,15.2731,15.2
1821,330.0,22.0,72.439,291.7336,13.7624,17.7
1822,337.5,22.5,72.439,293.6311,12.4589,20.1
1823,345.0,23.0,72.439,295.6628,11.3808,22.4
1824,352.5,23.5,72.439,297.8026,10.5434,24.4
1825,0.0,0.0,76.8293,300.9327,14.258,16.8
1826,7.5,0.5,76.8293,302.6751,14.0099,17.2
1827,15.0,1.0,76.8293,304.4345,13.9659,17.3
1828,22.5,1.5,76.8293,306.187,14.1267,17.0
1829,30.0,2.0,76.8293,307.9091,14.4899,16.4
1830,37.5,2.5,76.8293,309.5774,15.0504,15.5
1831,45.0,3.0,76.8293,311.1692,15.8,14.4
1832,52.5,3.5,76.8293,312.6625,16.7281,13.1
1833,60.0,4.0,76.8293,314.0363,17.8215,11.8
1834,67.5,4.5,76.8293,315.2706,19.0647,10.4
1835,75.0,5.0,76.8293,316.3463,20.44,9.1
1836,82.5,5.5,76.8293,317.2455,21.9278,7.8
1837,90.0,6.0,76.8293,317.9509,23.5067,6.7
1838,97.5,6.5,76.8293,318.4464,25.1537,5.7
1839,105.0,7.0,76.8293,318.7171,26.844,4.8
1840,112.5,7.5,76.8293,318.7492,28.5515,4.0
1841,120.0,8.0,76.8293,318.5309,30.2487,3.4
1842,127.5,8.5,76.8293,318.0527,31.9066,3.0
1843,135.0,9.0,76.8293,317.3089,33.4955,3.0
1844,142.5,9.5,76.8293,316.2982,34.9849,3.0
1845,150.0,10.0,76.8293,315.0259,36.3444,3.0
1846,157.5,10.5,76.8293,313.505,37.5439,3.0
1847,165.0,11.0,76.8293,311.7576,38.5555,3.0
1848,172.5,11.5,76.8293,309.8162,39.3538,3.0
1849,180.0,12.0,76.8293,307.7231,39.918,3.0
1850,187.5,12.5,76.8293,305.5295,40.2324,3.0
1851,195.0,13.0,76.8293,303.2927,40.2884,3.0
1852,202.5,13.5,76.8293,301.0733,40.0842,3.0
1853,210.0,14.0,76.8293,298.9303,39.6257,3.0
1854,217.5,14.5,76.8293,296.9181,38.9256,3.0
1855,225.0,15.0,76.8293,295.0829,38.0027,3.0
1856,232.5,15.5,76.8293,293.4615,36.8805,3.0
1857,240.0,16.0,76.8293,292.0804,35.5861,3.0
1858,247.5,16.5,76.8293,290.9563,34.1487,3.0
1859,255.0,17.0,76.8293,290.0978,32.5988,3.0
1860,262.5,17.5,76.8293,289.5061,30.9668,3.2
1861,270.0,18.0,76.8293,289.1772,29.2829,3.7
1862,277.5,18.5,76.8293,289.1031,27.5764,4.4
1863,285.0,19.0,76.8293,289.273,25.8754,5.3
1864,292.5,19.5,76.8293,289.6738,24.2067,6.2
1865,300.0,20.0,76.8293,290.2911,22.5956,7.3
1866,307.5,20.5,76.8293,291.1091,21.066,8.5
1867,315.0,21.0,76.8293,292.1112,19.6399,9.8
1868,322.5,21.5,76.8293,293.2797,18.3377,11.2
1869,330.0,22.0,76.8293,294.596,17.178,12.6
1870,337.5,22.5,76.8293,296.0406,16.1772,13.9
1871,345.0,23.0,76.8293,297.5927,15.3495,15.1
1872,352.5,23.5,76.8293,299.2309,14.7067,16.1
1873,0.0,0.0,81.2195,301.8783,18.5536,10.9
1874,7.5,0.5,81.2195,303.0711,18.3836,11.1
1875,15.0,1.0,81.2195,304.2762,18.3535,11.2
1876,22.5,1.5,81.2195,305.4764,18.4636,11.0
1877,30.0,2.0,81.2195,306.6545,18.7124,10.8
1878,37.5,2.5,81.2195,307.7938,19.0962,10.4
1879,45.0,3.0,81.2195,308.8775,19.6093,9.9
1880,52.5,3.5,81.2195,309.8899,20.2442,9.2
1881,60.0,4.0,81.2195,310.8154,20.9915,8.6
1882,67.5,4.5,81.2195,311.6396,21.8402,7.9
1883,75.0,5.0,81.2195,312.3487,22.7775,7.2
1884,82.5,5.5,81.2195,312.9301,23.7893,6.5
1885,90.0,6.0,81.2195,313.3723,24.8601,5.8
1886,97.5,6.5,81.2195,313.665,25.9732,5.2
1887,105.0,7.0,81.2195,313.7996,27.1109,4.7
1888,112.5,7.5,81.2195,313.7692,28.2546,4.1
1889,120.0,8.0,81.2195,313.5691,29.3852,3.7
1890,127.5,8.5,81.2195,313.1971,30.4829,3.3
1891,135.0,9.0,81.2195,312.6539,31.528,3.0
1892,142.5,9.5,81.2195,311.9439,32.5008,3.0
1893,150.0,10.0,81.2195,311.0751,33.3825,3.0
1894,157.5,10.5,81.2195,310.0601,34.1551,3.0
1895,165.0,11.0,81.2195,308.9158,34.8025,3.0
1896,172.5,11.5,81.2195,307.6635,35.3106,3.0
1897,180.0,12.0,81.2195,306.3287,35.6681,3.0
1898,187.5,12.5,81.2195,304.9401,35.8667,3.0
1899,195.0,13.0,81.2195,303.5287,35.902,3.0
1900,202.5,13.5,81.2195,302.1264,35.7731,3.0
1901,210.0,14.0,81.2195,300.7649,35.483,3.0
1902,217.5,14.5,81.2195,299.4739,35.0384,3.0
1903,225.0,15.0,81.2195,298.2804,34.4492,3.0
1904,232.5,15.5,81.2195,297.2075,33.7284,3.0
1905,240.0,16.0,81.2195,296.2742,32.8915,3.0
1906,247.5,16.5,81.2195,295.4948,31.9555,3.0
1907,255.0,17.0,81.2195,294.8792,30.9391,3.2
1908,262.5,17.5,81.2195,294.4334,29.8615,3.5
1909,270.0,18.0,81.2195,294.1597,28.7426,4.0
1910,277.5,18.5,81.2195,294.0569,27.6022,4.4
1911,285.0,19.0,81.2195,294.1214,26.4595,5.0
1912,292.5,19.5,81.2195,294.3473,25.3336,5.6
1913,300.0,20.0,81.2195,294.7264,24.2426,6.2
1914,307.5,20.5,81.2195,295.2494,23.2035,6.9
1915,315.0,21.0,81.2195,295.9052,22.2324,7.6
1916,322.5,21.5,81.2195,296.6816,21.3441,8.3
1917,330.0,22.0,81.2195,297.5654,20.5518,9.0
1918,337.5,22.5,81.2195,298.5423,19.8674,9.6
1919,345.0,23.0,81.2195,299.5974,19.3009,10.2
1920,352.5,23.5,81.2195,300.7148,18.8609,10.6
1921,0.0,0.0,85.6098,302.8727,22.8442,7.1
1922,7.5,0.5,85.6098,303.4877,22.7565,7.2
1923,15.0,1.0,85.6098,304.1096,22.741,7.2
1924,22.5,1.5,85.6098,304.7288,22.7978,7.2
1925,30.0,2.0,85.6098,305.3356,22.9261,7.1
1926,37.5,2.5,85.6098,305.9208,23.1239,6.9
1927,45.0,3.0,85.6098,306.475,23.3882,6.8
1928,52.5,3.5,85.6098,306.9896,23.7147,6.5
1929,60.0,4.0,85.6098,307.4562,24.0984,6.3
1930,67.5,4.5,85.6098,307.867,24.5332,6.0
1931,75.0,5.0,85.6098,308.2149,25.0121,5.7
1932,82.5,5.5,85.6098,308.4936,25.5275,5.5
1933,90.0,6.0,85.6098,308.6978,26.0709,5.2
1934,97.5,6.5,85.6098,308.8231,26.6335,4.9
1935,105.0,7.0,85.6098,308.8662,27.206,4.6
1936,112.5,7.5,85.6098,308.8252,27.7785,4.4
1937,120.0,8.0,85.6098,308.6994,28.3414,4.1
1938,127.5,8.5,85.6098,308.4898,28.8848,3.9
1939,135.0,9.0,85.6098,308.1987,29.3991,3.7
1940,142.5,9.5,85.6098,307.8301,29.875,3.5
1941,150.0,10.0,85.6098,307.3896,30.3038,3.4
1942,157.5,10.5,85.6098,306.8845,30.6776,3.3
1943,165.0,11.0,85.6098,306.3235,30.9893,3.2
1944,172.5,11.5,85.6098,305.7168,31.2329,3.1
1945,180.0,12.0,85.6098,305.0757,31.4037,3.0
1946,187.5,12.5,85.6098,304.4125,31.4985,3.0
1947,195.0,13.0,85.6098,303.7398,31.5153,3.0
1948,202.5,13.5,85.6098,303.071,31.4539,3.0
1949,210.0,14.0,85.6098,302.4188,31.3153,3.1
1950,217.5,14.5,85.6098,301.7959,31.1025,3.1
1951,225.0,15.0,85.6098,301.214,30.8193,3.2
1952,232.5,15.5,85.6098,300.6838,30.4714,3.3
1953,240.0,16.0,85.6098,300.2146,30.0653,3.5
1954,247.5,16.5,85.6098,299.8143,29.6086,3.6
1955,255.0,17.0,85.6098,299.4894,29.1096,3.8
1956,262.5,17.5,85.6098,299.2444,28.5776,4.0
1957,270.0,18.0,85.6098,299.0824,28.0219,4.2
1958,277.5,18.5,85.6098,299.005,27.4523,4.5
1959,285.0,19.0,85.6098,299.0122,26.8786,4.8
1960,292.5,19.5,85.6098,299.1026,26.3106,5.0
1961,300.0,20.0,85.6098,299.2733,25.7578,5.3
1962,307.5,20.5,85.6098,299.5207,25.2293,5.6
1963,315.0,21.0,85.6098,299.8396,24.7337,5.9
1964,322.5,21.5,85.6098,300.2242,24.2791,6.2
1965,330.0,22.0,85.6098,300.6678,23.8727,6.4
1966,337.5,22.5,85.6098,301.1628,23.521,6.7
1967,345.0,23.0,85.6098,301.7011,23.2294,6.9
1968,352.5,23.5,85.6098,302.274,23.0027,7.0
1969,0.0,0.0,90.0,303.932,27.1283,4.6
1970,7.5,0.5,90.0,303.932,27.1283,4.6
1971,15.0,1.0,90.0,303.932,27.1283,4.6
1972,22.5,1.5,90.0,303.932,27.1283,4.6
1973,30.0,2.0,90.0,303.932,27.1283,4.6
1974,37.5,2.5,90.0,303.932,27.1283,4.6
1975,45.0,3.0,90.0,303.932,27.1283,4.6
1976,52.5,3.5,90.0,303.932,27.1283,4.6
1977,60.0,4.0,90.0,303.932,27.1283,4.6
1978,67.5,4.5,90.0,303.932,27.1283,4.6
1979,75.0,5.0,90.0,303.932,27.1283,4.6
1980,82.5,5.5,90.0,303.932,27.1283,4.6
1981,90.0,6.0,90.0,303.932,27.1283,4.6
1982,97.5,6.5,90.0,303.932,27.1283,4.6
1983,105.0,7.0,90.0,303.932,27.1283,4.6
1984,112.5,7.5,90.0,303.932,27.1283,4.6
1985,120.0,8.0,90.0,303.932,27.1283,4.6
1986,127.5,8.5,90.0,303.932,27.1283,4.6
1987,135.0,9.0,90.0,303.932,27.1283,4.6
1988,142.5,9.5,90.0,303.932,27.1283,4.6
1989,150.0,10.0,90.0,303.932,27.1283,4.6
1990,157.5,10.5,90.0,303.932,27.1283,4.6
1991,165.0,11.0,90.0,303.932,27.1283,4.6
1992,172.5,11.5,90.0,303.932,27.1283,4.6
1993,180.0,12.0,90.0,303.932,27.1283,4.6
1994,187.5,12.5,90.0,303.932,27.1283,4.6
1995,195.0,13.0,90.0,303.932,27.1283,4.6
1996,202.5,13.5,90.0,303.932,27.1283,4.6
1997,210.0,14.0,90.0,303.932,27.1283,4.6
1998,217.5,14.5,90.0,303.932,27.1283,4.6
1999,225.0,15.0,90.0,303.932,27.1283,4.6
2000,232.5,15.5,90.0,303.932,27.1283,4.6
2001,240.0,16.0,90.0,303.932,27.1283,4.6
2002,247.5,16.5,90.0,303.932,27.1283,4.6
2003,255.0,17.0,90.0,303.932,27.1283,4.6
2004,262.5,17.5,90.0,303.932,27.1283,4.6
2005,270.0,18.0,90.0,303.932,27.1283,4.6
2006,277.5,18.5,90.0,303.932,27.1283,4.6
2007,285.0,19.0,90.0,303.932,27.1283,4.6
2008,292.5,19.5,90.0,303.932,27.1283,4.6
2009,300.0,20.0,90.0,303.932,27.1283,4.6
2010,307.5,20.5,90.0,303.932,27.1283,4.6
2011,315.0,21.0,90.0,303.932,27.1283,4.6
2012,322.5,21.5,90.0,303.932,27.1283,4.6
2013,330.0,22.0,90.0,303.932,27.1283,4.6
2014,337.5,22.5,90.0,303.932,27.1283,4.6
2015,345.0,23.0,90.0,303.932,27.1283,4.6
2016,352.5,23.5,90.0,303.932,27.1283,4.6
